RESIDUE_ID,VDW,ELE,GB,SA,TOTAL,Mutation,score_method
lig-rec,-70.11,-361.8,313.89,-7.81,-125.83,Raw,VD-MM/GBSA
R-A-MET-1,0.0,-6.43,6.43,0.0,0.0,Raw,VD-MM/GBSA
R-A-LEU-2,0.0,-0.03,0.03,0.0,0.0,Raw,VD-MM/GBSA
R-A-LEU-3,0.0,-0.02,0.02,0.0,-0.0,Raw,VD-MM/GBSA
R-A-ALA-4,0.0,-0.03,0.03,0.0,0.0,Raw,VD-MM/GBSA
R-A-ARG-5,0.0,-6.77,6.77,0.0,0.0,Raw,VD-MM/GBSA
R-A-MET-6,0.0,0.1,-0.1,0.0,-0.0,Raw,VD-MM/GBSA
R-A-ASN-7,0.0,0.11,-0.11,0.0,0.0,Raw,VD-MM/GBSA
R-A-PRO-8,0.0,0.06,-0.06,0.0,-0.0,Raw,VD-MM/GBSA
R-A-GLN-9,0.0,0.15,-0.15,0.0,-0.0,Raw,VD-MM/GBSA
R-A-VAL-10,0.0,-0.03,0.03,0.0,0.0,Raw,VD-MM/GBSA
R-A-GLN-11,0.0,0.05,-0.05,0.0,0.0,Raw,VD-MM/GBSA
R-A-PRO-12,0.0,0.1,-0.1,0.0,0.0,Raw,VD-MM/GBSA
R-A-GLU-13,0.0,6.8,-6.81,0.0,-0.0,Raw,VD-MM/GBSA
R-A-ASN-14,0.0,0.04,-0.04,0.0,-0.0,Raw,VD-MM/GBSA
R-A-ASN-15,0.0,0.06,-0.06,0.0,0.0,Raw,VD-MM/GBSA
R-A-GLY-16,0.0,0.04,-0.04,0.0,-0.0,Raw,VD-MM/GBSA
R-A-ALA-17,0.0,0.0,-0.0,0.0,-0.0,Raw,VD-MM/GBSA
R-A-ASP-18,0.0,7.33,-7.33,0.0,-0.0,Raw,VD-MM/GBSA
R-A-THR-19,0.0,0.04,-0.04,0.0,0.0,Raw,VD-MM/GBSA
R-A-GLY-20,0.0,-0.1,0.11,0.0,0.0,Raw,VD-MM/GBSA
R-A-PRO-21,0.0,0.05,-0.05,0.0,-0.0,Raw,VD-MM/GBSA
R-A-GLU-22,0.0,7.36,-7.36,0.0,-0.0,Raw,VD-MM/GBSA
R-A-GLN-23,0.0,-0.07,0.07,0.0,0.0,Raw,VD-MM/GBSA
R-A-PRO-24,0.0,0.08,-0.08,0.0,0.0,Raw,VD-MM/GBSA
R-A-LEU-25,0.0,0.03,-0.03,0.0,-0.0,Raw,VD-MM/GBSA
R-A-ARG-26,0.0,-11.25,11.27,0.0,0.02,Raw,VD-MM/GBSA
R-A-ALA-27,-0.0,0.17,-0.18,0.0,-0.0,Raw,VD-MM/GBSA
R-A-ARG-28,-0.0,-9.02,9.03,0.0,0.01,Raw,VD-MM/GBSA
R-A-LYS-29,-0.0,-13.47,13.5,0.0,0.02,Raw,VD-MM/GBSA
R-A-THR-30,-0.0,0.09,-0.09,0.0,-0.0,Raw,VD-MM/GBSA
R-A-ALA-31,0.0,-0.2,0.2,0.0,0.0,Raw,VD-MM/GBSA
R-A-GLU-32,0.0,11.12,-11.13,0.0,-0.01,Raw,VD-MM/GBSA
R-A-LEU-33,0.0,-0.05,0.04,0.0,0.0,Raw,VD-MM/GBSA
R-A-LEU-34,-0.0,-0.04,0.04,0.0,-0.0,Raw,VD-MM/GBSA
R-A-VAL-35,0.0,-0.01,0.01,0.0,0.0,Raw,VD-MM/GBSA
R-A-VAL-36,0.0,-0.03,0.03,0.0,0.0,Raw,VD-MM/GBSA
R-A-LYS-37,-0.0,-8.62,8.62,0.0,0.0,Raw,VD-MM/GBSA
R-A-GLU-38,0.0,9.72,-9.72,0.0,-0.0,Raw,VD-MM/GBSA
R-A-ARG-39,0.0,-9.31,9.31,0.0,0.0,Raw,VD-MM/GBSA
R-A-ASN-40,0.0,0.08,-0.09,0.0,-0.0,Raw,VD-MM/GBSA
R-A-GLY-41,0.0,0.04,-0.04,0.0,0.0,Raw,VD-MM/GBSA
R-A-VAL-42,0.0,0.03,-0.03,0.0,-0.0,Raw,VD-MM/GBSA
R-A-GLN-43,0.0,-0.14,0.14,0.0,0.0,Raw,VD-MM/GBSA
R-A-CYS-44,-0.0,0.14,-0.14,0.0,-0.0,Raw,VD-MM/GBSA
R-A-LEU-45,0.0,0.04,-0.04,0.0,0.0,Raw,VD-MM/GBSA
R-A-LEU-46,-0.0,0.19,-0.19,0.0,-0.0,Raw,VD-MM/GBSA
R-A-ALA-47,0.0,0.04,-0.04,0.0,-0.0,Raw,VD-MM/GBSA
R-A-PRO-48,-0.0,-0.42,0.42,0.0,0.0,Raw,VD-MM/GBSA
R-A-ARG-49,-0.0,-13.47,13.48,0.0,0.02,Raw,VD-MM/GBSA
R-A-ASP-50,-0.0,15.57,-15.59,0.0,-0.02,Raw,VD-MM/GBSA
R-A-GLY-51,-0.0,0.08,-0.09,0.0,-0.0,Raw,VD-MM/GBSA
R-A-ASP-52,-0.0,21.27,-21.34,0.0,-0.07,Raw,VD-MM/GBSA
R-A-ALA-53,-0.0,-0.04,0.04,0.0,-0.0,Raw,VD-MM/GBSA
R-A-GLN-54,-0.01,-0.66,0.61,0.0,-0.05,Raw,VD-MM/GBSA
R-A-PRO-55,-0.0,0.74,-0.75,0.0,-0.02,Raw,VD-MM/GBSA
R-A-ARG-56,-0.0,-15.66,15.68,0.0,0.02,Raw,VD-MM/GBSA
R-A-GLU-57,-0.01,25.7,-25.96,0.0,-0.27,Raw,VD-MM/GBSA
R-A-THR-58,-0.01,1.23,-1.29,0.0,-0.07,Raw,VD-MM/GBSA
R-A-TRP-59,-0.02,0.21,-0.23,0.0,-0.04,Raw,VD-MM/GBSA
R-A-GLY-60,-0.02,-0.75,0.71,0.0,-0.06,Raw,VD-MM/GBSA
R-A-LYS-61,-0.04,-19.05,18.92,0.0,-0.16,Raw,VD-MM/GBSA
R-A-LYS-62,-0.01,-10.98,10.99,0.0,0.0,Raw,VD-MM/GBSA
R-A-ILE-63,-0.02,-0.5,0.5,0.0,-0.02,Raw,VD-MM/GBSA
R-A-ASP-64,-0.03,22.11,-22.42,0.0,-0.34,Raw,VD-MM/GBSA
R-A-PHE-65,-0.01,-0.15,0.15,0.0,-0.01,Raw,VD-MM/GBSA
R-A-LEU-66,-0.01,-0.35,0.35,0.0,-0.01,Raw,VD-MM/GBSA
R-A-LEU-67,-0.02,-0.81,0.8,0.0,-0.02,Raw,VD-MM/GBSA
R-A-SER-68,-0.01,-0.54,0.53,0.0,-0.01,Raw,VD-MM/GBSA
R-A-VAL-69,-0.0,-0.29,0.29,0.0,-0.01,Raw,VD-MM/GBSA
R-A-VAL-70,-0.0,-0.48,0.47,0.0,-0.02,Raw,VD-MM/GBSA
R-A-GLY-71,-0.0,-0.56,0.54,0.0,-0.01,Raw,VD-MM/GBSA
R-A-PHE-72,-0.0,-0.38,0.38,0.0,-0.0,Raw,VD-MM/GBSA
R-A-ALA-73,-0.0,-0.3,0.3,0.0,-0.0,Raw,VD-MM/GBSA
R-A-VAL-74,-0.0,0.19,-0.21,0.0,-0.02,Raw,VD-MM/GBSA
R-A-ASP-75,-0.0,4.16,-4.17,0.0,-0.01,Raw,VD-MM/GBSA
R-A-LEU-76,-0.01,-0.03,0.03,0.0,-0.01,Raw,VD-MM/GBSA
R-A-ALA-77,-0.0,-0.26,0.26,0.0,-0.0,Raw,VD-MM/GBSA
R-A-ASN-78,-0.0,-0.07,0.06,0.0,-0.01,Raw,VD-MM/GBSA
R-A-VAL-79,-0.0,-0.05,0.04,0.0,-0.01,Raw,VD-MM/GBSA
R-A-TRP-80,-0.0,-0.34,0.34,0.0,0.0,Raw,VD-MM/GBSA
R-A-ARG-81,-0.0,-2.02,2.02,0.0,-0.0,Raw,VD-MM/GBSA
R-A-PHE-82,-0.0,-0.06,0.06,0.0,-0.0,Raw,VD-MM/GBSA
R-A-PRO-83,-0.0,0.09,-0.09,0.0,-0.0,Raw,VD-MM/GBSA
R-A-TYR-84,-0.0,-0.05,0.05,0.0,-0.0,Raw,VD-MM/GBSA
R-A-LEU-85,0.0,-0.08,0.08,0.0,0.0,Raw,VD-MM/GBSA
R-A-CYS-86,0.0,0.04,-0.04,0.0,0.0,Raw,VD-MM/GBSA
R-A-TYR-87,0.0,0.1,-0.1,0.0,-0.0,Raw,VD-MM/GBSA
R-A-LYS-88,-0.0,-1.38,1.38,0.0,-0.0,Raw,VD-MM/GBSA
R-A-ASN-89,0.0,-0.01,0.01,0.0,0.0,Raw,VD-MM/GBSA
R-A-GLY-90,0.0,0.1,-0.1,0.0,0.0,Raw,VD-MM/GBSA
R-A-GLY-91,0.0,0.09,-0.09,0.0,0.0,Raw,VD-MM/GBSA
R-A-GLY-92,-0.0,0.09,-0.09,0.0,-0.0,Raw,VD-MM/GBSA
R-A-ALA-93,0.0,0.1,-0.1,0.0,0.0,Raw,VD-MM/GBSA
R-A-PHE-94,-0.0,0.1,-0.1,0.0,-0.0,Raw,VD-MM/GBSA
R-A-LEU-95,0.0,0.13,-0.13,0.0,0.0,Raw,VD-MM/GBSA
R-A-ILE-96,0.0,0.14,-0.14,0.0,-0.0,Raw,VD-MM/GBSA
R-A-PRO-97,-0.0,0.15,-0.15,0.0,-0.0,Raw,VD-MM/GBSA
R-A-TYR-98,0.0,0.09,-0.09,0.0,0.0,Raw,VD-MM/GBSA
R-A-THR-99,0.0,0.17,-0.17,0.0,-0.0,Raw,VD-MM/GBSA
R-A-LEU-100,0.0,0.15,-0.15,0.0,-0.0,Raw,VD-MM/GBSA
R-A-PHE-101,-0.0,0.14,-0.14,0.0,-0.0,Raw,VD-MM/GBSA
R-A-LEU-102,-0.0,0.13,-0.13,0.0,-0.0,Raw,VD-MM/GBSA
R-A-ILE-103,-0.0,0.16,-0.15,0.0,-0.0,Raw,VD-MM/GBSA
R-A-ILE-104,0.0,0.09,-0.09,0.0,-0.0,Raw,VD-MM/GBSA
R-A-ALA-105,0.0,0.14,-0.14,0.0,0.0,Raw,VD-MM/GBSA
R-A-GLY-106,0.0,0.17,-0.17,0.0,-0.0,Raw,VD-MM/GBSA
R-A-MET-107,0.0,0.16,-0.16,0.0,-0.0,Raw,VD-MM/GBSA
R-A-PRO-108,-0.0,0.22,-0.22,0.0,-0.0,Raw,VD-MM/GBSA
R-A-LEU-109,-0.0,0.24,-0.24,0.0,-0.0,Raw,VD-MM/GBSA
R-A-PHE-110,-0.0,0.25,-0.25,0.0,-0.0,Raw,VD-MM/GBSA
R-A-TYR-111,-0.0,0.33,-0.33,0.0,-0.0,Raw,VD-MM/GBSA
R-A-MET-112,0.0,0.16,-0.16,0.0,-0.0,Raw,VD-MM/GBSA
R-A-GLU-113,-0.0,8.24,-8.26,0.0,-0.01,Raw,VD-MM/GBSA
R-A-LEU-114,-0.0,0.3,-0.3,0.0,-0.0,Raw,VD-MM/GBSA
R-A-ALA-115,0.0,0.31,-0.31,0.0,-0.0,Raw,VD-MM/GBSA
R-A-LEU-116,0.0,0.2,-0.21,0.0,-0.0,Raw,VD-MM/GBSA
R-A-GLY-117,-0.0,0.18,-0.18,0.0,-0.0,Raw,VD-MM/GBSA
R-A-GLN-118,-0.0,0.4,-0.4,0.0,-0.0,Raw,VD-MM/GBSA
R-A-TYR-119,-0.0,0.31,-0.31,0.0,-0.0,Raw,VD-MM/GBSA
R-A-ASN-120,0.0,0.21,-0.21,0.0,0.0,Raw,VD-MM/GBSA
R-A-ARG-121,-0.0,-14.91,14.93,0.0,0.02,Raw,VD-MM/GBSA
R-A-GLU-122,-0.0,12.41,-12.43,0.0,-0.02,Raw,VD-MM/GBSA
R-A-GLY-123,0.0,-0.15,0.15,0.0,-0.0,Raw,VD-MM/GBSA
R-A-ALA-124,-0.0,-0.16,0.16,0.0,-0.0,Raw,VD-MM/GBSA
R-A-ALA-125,-0.0,-0.34,0.34,0.0,0.0,Raw,VD-MM/GBSA
R-A-THR-126,0.0,-0.26,0.26,0.0,-0.0,Raw,VD-MM/GBSA
R-A-VAL-127,0.0,-0.04,0.04,0.0,0.0,Raw,VD-MM/GBSA
R-A-TRP-128,-0.0,-0.13,0.13,0.0,0.0,Raw,VD-MM/GBSA
R-A-LYS-129,0.0,-11.67,11.69,0.0,0.02,Raw,VD-MM/GBSA
R-A-ILE-130,0.0,-0.05,0.05,0.0,-0.0,Raw,VD-MM/GBSA
R-A-CYS-131,-0.0,-0.08,0.08,0.0,-0.0,Raw,VD-MM/GBSA
R-A-PRO-132,0.0,-0.01,0.01,0.0,0.0,Raw,VD-MM/GBSA
R-A-PHE-133,0.0,-0.0,0.0,0.0,-0.0,Raw,VD-MM/GBSA
R-A-PHE-134,-0.0,-0.08,0.07,0.0,-0.0,Raw,VD-MM/GBSA
R-A-LYS-135,0.0,-10.0,10.01,0.0,0.01,Raw,VD-MM/GBSA
R-A-GLY-136,0.0,0.04,-0.04,0.0,-0.0,Raw,VD-MM/GBSA
R-A-VAL-137,-0.0,-0.12,0.11,0.0,-0.0,Raw,VD-MM/GBSA
R-A-GLY-138,0.0,-0.12,0.12,0.0,0.0,Raw,VD-MM/GBSA
R-A-TYR-139,-0.0,-0.11,0.1,0.0,-0.0,Raw,VD-MM/GBSA
R-A-ALA-140,-0.0,-0.04,0.04,0.0,-0.0,Raw,VD-MM/GBSA
R-A-VAL-141,0.0,-0.23,0.23,0.0,-0.0,Raw,VD-MM/GBSA
R-A-ILE-142,-0.0,-0.18,0.18,0.0,-0.0,Raw,VD-MM/GBSA
R-A-LEU-143,-0.0,-0.01,0.01,0.0,-0.0,Raw,VD-MM/GBSA
R-A-ILE-144,-0.0,-0.2,0.2,0.0,-0.0,Raw,VD-MM/GBSA
R-A-ALA-145,-0.0,-0.33,0.33,0.0,-0.0,Raw,VD-MM/GBSA
R-A-LEU-146,-0.0,-0.19,0.19,0.0,-0.0,Raw,VD-MM/GBSA
R-A-TYR-147,-0.0,-0.25,0.25,0.0,-0.0,Raw,VD-MM/GBSA
R-A-VAL-148,-0.0,-0.45,0.45,0.0,-0.0,Raw,VD-MM/GBSA
R-A-GLY-149,-0.0,-0.37,0.37,0.0,-0.01,Raw,VD-MM/GBSA
R-A-PHE-150,-0.0,-0.28,0.28,0.0,-0.0,Raw,VD-MM/GBSA
R-A-TYR-151,-0.0,-0.47,0.47,0.0,-0.0,Raw,VD-MM/GBSA
R-A-TYR-152,-0.01,-0.58,0.57,0.0,-0.01,Raw,VD-MM/GBSA
R-A-ASN-153,-0.01,-0.14,0.1,0.0,-0.04,Raw,VD-MM/GBSA
R-A-VAL-154,-0.01,-0.47,0.47,0.0,-0.01,Raw,VD-MM/GBSA
R-A-ILE-155,-0.01,-0.62,0.61,0.0,-0.02,Raw,VD-MM/GBSA
R-A-ILE-156,-0.02,-0.61,0.61,0.0,-0.01,Raw,VD-MM/GBSA
R-A-ALA-157,-0.03,-0.61,0.6,0.0,-0.03,Raw,VD-MM/GBSA
R-A-TRP-158,-0.03,-0.55,0.56,0.0,-0.02,Raw,VD-MM/GBSA
R-A-SER-159,-0.03,-0.78,0.75,0.0,-0.06,Raw,VD-MM/GBSA
R-A-LEU-160,-0.24,-0.57,0.48,0.0,-0.33,Raw,VD-MM/GBSA
R-A-TYR-161,-1.11,-1.3,1.06,-0.15,-1.5,Raw,VD-MM/GBSA
R-A-TYR-162,-0.1,-1.01,1.04,0.0,-0.07,Raw,VD-MM/GBSA
R-A-LEU-163,-0.38,-0.54,0.38,0.0,-0.54,Raw,VD-MM/GBSA
R-A-PHE-164,-3.77,-0.56,-0.63,-0.54,-5.5,Raw,VD-MM/GBSA
R-A-SER-165,-0.34,-1.06,0.65,0.0,-0.75,Raw,VD-MM/GBSA
R-A-SER-166,-0.51,-0.15,-0.45,0.0,-1.12,Raw,VD-MM/GBSA
R-A-PHE-167,-4.8,3.22,-4.27,-0.88,-6.73,Raw,VD-MM/GBSA
R-A-THR-168,-1.69,1.58,-3.31,-0.08,-3.5,Raw,VD-MM/GBSA
R-A-LEU-169,-3.29,1.68,-2.32,-0.71,-4.63,Raw,VD-MM/GBSA
R-A-ASN-170,-0.32,-0.01,-0.58,-0.08,-0.99,Raw,VD-MM/GBSA
R-A-LEU-171,-0.15,-0.35,0.21,0.0,-0.29,Raw,VD-MM/GBSA
R-A-PRO-172,-0.12,0.13,-0.2,0.0,-0.19,Raw,VD-MM/GBSA
R-A-TRP-173,-0.06,-0.03,0.05,0.0,-0.05,Raw,VD-MM/GBSA
R-A-THR-174,-0.04,0.25,-0.3,0.0,-0.09,Raw,VD-MM/GBSA
R-A-ASP-175,-0.04,-12.69,12.47,0.0,-0.26,Raw,VD-MM/GBSA
R-A-CYS-176,-0.01,0.25,-0.28,0.0,-0.04,Raw,VD-MM/GBSA
R-A-GLY-177,-0.02,-0.21,0.1,0.0,-0.14,Raw,VD-MM/GBSA
R-A-HIE-178,-0.14,-0.22,-0.16,0.0,-0.53,Raw,VD-MM/GBSA
R-A-THR-179,-0.4,0.16,-0.67,-0.23,-1.15,Raw,VD-MM/GBSA
R-A-TRP-180,-0.34,0.06,-0.16,-0.07,-0.51,Raw,VD-MM/GBSA
R-A-ASN-181,-0.02,-0.63,0.57,0.0,-0.09,Raw,VD-MM/GBSA
R-A-SER-182,-0.0,-0.2,0.19,0.0,-0.02,Raw,VD-MM/GBSA
R-A-PRO-183,-0.0,-0.13,0.13,0.0,-0.0,Raw,VD-MM/GBSA
R-A-ASN-184,-0.0,0.16,-0.17,0.0,-0.01,Raw,VD-MM/GBSA
R-A-CYS-185,-0.01,0.1,-0.1,0.0,-0.01,Raw,VD-MM/GBSA
R-A-THR-186,-0.0,0.01,-0.02,0.0,-0.01,Raw,VD-MM/GBSA
R-A-ASP-187,-0.0,-7.76,7.75,0.0,-0.02,Raw,VD-MM/GBSA
R-A-PRO-188,-0.0,0.28,-0.29,0.0,-0.01,Raw,VD-MM/GBSA
R-A-LYS-189,-0.0,8.86,-8.93,0.0,-0.07,Raw,VD-MM/GBSA
R-A-LEU-190,-0.0,0.23,-0.23,0.0,-0.0,Raw,VD-MM/GBSA
R-A-LEU-191,-0.0,-0.06,0.06,0.0,-0.0,Raw,VD-MM/GBSA
R-A-ASN-192,-0.0,0.03,-0.03,0.0,-0.0,Raw,VD-MM/GBSA
R-A-GLY-193,0.0,-0.03,0.03,0.0,-0.0,Raw,VD-MM/GBSA
R-A-SER-194,0.0,0.01,-0.01,0.0,0.0,Raw,VD-MM/GBSA
R-A-VAL-195,0.0,0.06,-0.06,0.0,0.0,Raw,VD-MM/GBSA
R-A-LEU-196,-0.0,-0.02,0.02,0.0,-0.0,Raw,VD-MM/GBSA
R-A-GLY-197,0.0,-0.05,0.05,0.0,-0.0,Raw,VD-MM/GBSA
R-A-ASN-198,0.0,0.04,-0.04,0.0,-0.0,Raw,VD-MM/GBSA
R-A-HIE-199,0.0,0.09,-0.09,0.0,-0.0,Raw,VD-MM/GBSA
R-A-THR-200,-0.0,0.04,-0.04,0.0,-0.0,Raw,VD-MM/GBSA
R-A-LYS-201,-0.0,0.56,-0.56,0.0,-0.01,Raw,VD-MM/GBSA
R-A-TYR-202,-0.0,-0.1,0.1,0.0,-0.0,Raw,VD-MM/GBSA
R-A-SER-203,-0.0,-0.12,0.12,0.0,-0.0,Raw,VD-MM/GBSA
R-A-LYS-204,-0.0,0.91,-0.91,0.0,-0.01,Raw,VD-MM/GBSA
R-A-TYR-205,-0.0,0.04,-0.04,0.0,-0.0,Raw,VD-MM/GBSA
R-A-LYS-206,-0.0,2.56,-2.58,0.0,-0.02,Raw,VD-MM/GBSA
R-A-PHE-207,-0.0,-0.15,0.14,0.0,-0.01,Raw,VD-MM/GBSA
R-A-THR-208,-0.0,0.06,-0.07,0.0,-0.01,Raw,VD-MM/GBSA
R-A-PRO-209,-0.01,0.05,-0.08,0.0,-0.04,Raw,VD-MM/GBSA
R-A-ALA-210,-0.01,-0.2,0.18,0.0,-0.02,Raw,VD-MM/GBSA
R-A-ALA-211,-0.0,0.0,-0.01,0.0,-0.01,Raw,VD-MM/GBSA
R-A-GLU-212,-0.01,-6.66,6.68,0.0,0.01,Raw,VD-MM/GBSA
R-A-PHE-213,-0.08,-0.08,0.07,0.0,-0.09,Raw,VD-MM/GBSA
R-A-TYR-214,-0.02,-0.38,0.38,0.0,-0.02,Raw,VD-MM/GBSA
R-A-GLU-215,-0.01,-3.76,3.77,0.0,0.0,Raw,VD-MM/GBSA
R-A-ARG-216,-0.04,6.3,-6.46,0.0,-0.21,Raw,VD-MM/GBSA
R-A-GLY-217,-0.09,-0.34,0.19,-0.0,-0.24,Raw,VD-MM/GBSA
R-A-VAL-218,-0.07,-0.38,0.31,0.0,-0.14,Raw,VD-MM/GBSA
R-A-LEU-219,-0.02,-0.03,0.02,0.0,-0.04,Raw,VD-MM/GBSA
R-A-HIE-220,-0.41,0.4,-0.77,-0.15,-0.93,Raw,VD-MM/GBSA
R-A-LEU-221,-0.01,0.06,-0.07,0.0,-0.02,Raw,VD-MM/GBSA
R-A-HIE-222,-0.02,0.44,-0.46,0.0,-0.05,Raw,VD-MM/GBSA
R-A-GLU-223,-0.02,-6.46,6.34,0.0,-0.13,Raw,VD-MM/GBSA
R-A-SER-224,-0.0,-0.02,0.01,0.0,-0.01,Raw,VD-MM/GBSA
R-A-SER-225,-0.0,0.06,-0.06,0.0,-0.0,Raw,VD-MM/GBSA
R-A-GLY-226,-0.0,-0.16,0.16,0.0,-0.0,Raw,VD-MM/GBSA
R-A-ILE-227,-0.0,-0.06,0.06,0.0,-0.0,Raw,VD-MM/GBSA
R-A-HIE-228,-0.0,0.12,-0.12,0.0,-0.0,Raw,VD-MM/GBSA
R-A-ASP-229,-0.0,-2.64,2.64,0.0,-0.0,Raw,VD-MM/GBSA
R-A-ILE-230,-0.0,-0.29,0.29,0.0,-0.0,Raw,VD-MM/GBSA
R-A-GLY-231,-0.0,0.31,-0.32,0.0,-0.01,Raw,VD-MM/GBSA
R-A-LEU-232,-0.01,-0.0,-0.02,0.0,-0.03,Raw,VD-MM/GBSA
R-A-PRO-233,-0.01,-0.41,0.35,0.0,-0.07,Raw,VD-MM/GBSA
R-A-GLN-234,-0.07,-0.07,-0.07,0.0,-0.22,Raw,VD-MM/GBSA
R-A-TRP-235,-2.96,0.19,-1.22,-0.51,-4.5,Raw,VD-MM/GBSA
R-A-GLN-236,-2.1,5.7,-5.6,-0.33,-2.33,Raw,VD-MM/GBSA
R-A-LEU-237,-0.1,-0.12,0.1,0.0,-0.12,Raw,VD-MM/GBSA
R-A-LEU-238,-0.07,0.67,-0.68,0.0,-0.08,Raw,VD-MM/GBSA
R-A-LEU-239,-1.01,1.18,-1.3,-0.2,-1.33,Raw,VD-MM/GBSA
R-A-CYS-240,-0.26,-0.02,-0.12,-0.01,-0.41,Raw,VD-MM/GBSA
R-A-LEU-241,-0.04,0.44,-0.45,0.0,-0.04,Raw,VD-MM/GBSA
R-A-MET-242,-0.06,0.7,-0.76,0.0,-0.12,Raw,VD-MM/GBSA
R-A-VAL-243,-0.19,0.84,-0.93,-0.03,-0.31,Raw,VD-MM/GBSA
R-A-VAL-244,-0.04,0.64,-0.69,0.0,-0.08,Raw,VD-MM/GBSA
R-A-VAL-245,-0.02,1.13,-1.17,0.0,-0.06,Raw,VD-MM/GBSA
R-A-ILE-246,-0.1,1.59,-1.68,0.0,-0.19,Raw,VD-MM/GBSA
R-A-VAL-247,-0.08,1.18,-1.29,0.0,-0.19,Raw,VD-MM/GBSA
R-A-LEU-248,-0.03,1.21,-1.24,0.0,-0.06,Raw,VD-MM/GBSA
R-A-TYR-249,-0.08,1.66,-1.78,0.0,-0.2,Raw,VD-MM/GBSA
R-A-PHE-250,-0.39,2.03,-2.37,-0.1,-0.83,Raw,VD-MM/GBSA
R-A-SER-251,-0.04,0.97,-1.08,0.0,-0.16,Raw,VD-MM/GBSA
R-A-LEU-252,-0.03,0.61,-0.64,0.0,-0.05,Raw,VD-MM/GBSA
R-A-TRP-253,-1.0,2.16,-2.02,-0.27,-1.14,Raw,VD-MM/GBSA
R-A-LYS-254,-0.34,-45.8,44.15,-0.13,-2.12,Raw,VD-MM/GBSA
R-A-GLY-255,-0.01,1.23,-1.23,0.0,-0.01,Raw,VD-MM/GBSA
R-A-VAL-256,-0.02,0.29,-0.37,0.0,-0.1,Raw,VD-MM/GBSA
R-A-LYS-257,-0.09,-29.12,28.84,0.0,-0.36,Raw,VD-MM/GBSA
R-A-THR-258,-0.13,0.62,-0.75,0.0,-0.26,Raw,VD-MM/GBSA
R-A-SER-259,-0.03,0.46,-0.46,0.0,-0.03,Raw,VD-MM/GBSA
R-A-GLY-260,-0.03,-0.68,0.55,0.0,-0.16,Raw,VD-MM/GBSA
R-A-LYS-261,-0.72,-40.04,38.41,-0.31,-2.66,Raw,VD-MM/GBSA
R-A-VAL-262,-0.16,0.09,-0.12,0.0,-0.2,Raw,VD-MM/GBSA
R-A-VAL-263,-0.04,-0.85,0.83,0.0,-0.05,Raw,VD-MM/GBSA
R-A-TRP-264,-0.25,-1.0,0.84,-0.02,-0.43,Raw,VD-MM/GBSA
R-A-ILE-265,-0.73,-0.5,0.4,-0.33,-1.16,Raw,VD-MM/GBSA
R-A-THR-266,-0.04,-0.43,0.38,0.0,-0.09,Raw,VD-MM/GBSA
R-A-ALA-267,-0.01,-0.42,0.37,0.0,-0.06,Raw,VD-MM/GBSA
R-A-THR-268,-0.03,-0.72,0.66,0.0,-0.09,Raw,VD-MM/GBSA
R-A-LEU-269,-0.08,-0.19,0.12,0.0,-0.16,Raw,VD-MM/GBSA
R-A-PRO-270,-0.02,-0.43,0.44,0.0,-0.01,Raw,VD-MM/GBSA
R-A-TYR-271,-0.01,-0.4,0.39,0.0,-0.02,Raw,VD-MM/GBSA
R-A-PHE-272,-0.04,-0.28,0.22,0.0,-0.1,Raw,VD-MM/GBSA
R-A-VAL-273,-0.02,-0.29,0.25,0.0,-0.06,Raw,VD-MM/GBSA
R-A-LEU-274,-0.01,-0.41,0.41,0.0,-0.0,Raw,VD-MM/GBSA
R-A-PHE-275,-0.01,-0.29,0.28,0.0,-0.02,Raw,VD-MM/GBSA
R-A-VAL-276,-0.01,-0.14,0.1,0.0,-0.04,Raw,VD-MM/GBSA
R-A-LEU-277,-0.01,-0.22,0.21,0.0,-0.03,Raw,VD-MM/GBSA
R-A-LEU-278,-0.0,-0.34,0.34,0.0,-0.0,Raw,VD-MM/GBSA
R-A-VAL-279,-0.0,-0.09,0.08,0.0,-0.01,Raw,VD-MM/GBSA
R-A-HIE-280,-0.01,0.2,-0.25,0.0,-0.06,Raw,VD-MM/GBSA
R-A-GLY-281,-0.0,-0.21,0.21,0.0,-0.0,Raw,VD-MM/GBSA
R-A-VAL-282,-0.0,-0.06,0.06,0.0,-0.0,Raw,VD-MM/GBSA
R-A-THR-283,-0.0,-0.03,0.03,0.0,-0.01,Raw,VD-MM/GBSA
R-A-LEU-284,-0.0,0.29,-0.29,0.0,-0.01,Raw,VD-MM/GBSA
R-A-PRO-285,-0.0,-0.01,0.01,0.0,-0.0,Raw,VD-MM/GBSA
R-A-GLY-286,0.0,0.03,-0.03,0.0,-0.0,Raw,VD-MM/GBSA
R-A-ALA-287,-0.0,0.12,-0.13,0.0,-0.0,Raw,VD-MM/GBSA
R-A-SER-288,-0.0,0.08,-0.08,0.0,-0.0,Raw,VD-MM/GBSA
R-A-ASN-289,-0.0,0.35,-0.35,0.0,-0.0,Raw,VD-MM/GBSA
R-A-GLY-290,0.0,0.13,-0.13,0.0,-0.0,Raw,VD-MM/GBSA
R-A-ILE-291,-0.0,0.09,-0.09,0.0,-0.0,Raw,VD-MM/GBSA
R-A-ASN-292,0.0,0.28,-0.28,0.0,0.0,Raw,VD-MM/GBSA
R-A-ALA-293,0.0,0.14,-0.14,0.0,-0.0,Raw,VD-MM/GBSA
R-A-TYR-294,-0.0,0.05,-0.05,0.0,0.0,Raw,VD-MM/GBSA
R-A-LEU-295,0.0,0.1,-0.1,0.0,0.0,Raw,VD-MM/GBSA
R-A-HIE-296,-0.0,0.06,-0.06,0.0,-0.0,Raw,VD-MM/GBSA
R-A-ILE-297,-0.0,-0.09,0.09,0.0,-0.0,Raw,VD-MM/GBSA
R-A-ASP-298,0.0,1.33,-1.33,0.0,0.0,Raw,VD-MM/GBSA
R-A-PHE-299,0.0,0.03,-0.03,0.0,-0.0,Raw,VD-MM/GBSA
R-A-TYR-300,0.0,0.04,-0.04,0.0,-0.0,Raw,VD-MM/GBSA
R-A-ARG-301,-0.0,-1.15,1.15,0.0,-0.0,Raw,VD-MM/GBSA
R-A-LEU-302,0.0,0.03,-0.03,0.0,0.0,Raw,VD-MM/GBSA
R-A-LYS-303,0.0,-1.93,1.93,0.0,-0.0,Raw,VD-MM/GBSA
R-A-GLU-304,0.0,1.59,-1.59,0.0,0.0,Raw,VD-MM/GBSA
R-A-ALA-305,0.0,0.06,-0.06,0.0,0.0,Raw,VD-MM/GBSA
R-A-THR-306,0.0,0.11,-0.11,0.0,0.0,Raw,VD-MM/GBSA
R-A-VAL-307,-0.0,0.02,-0.02,0.0,-0.0,Raw,VD-MM/GBSA
R-A-TRP-308,0.0,0.12,-0.12,0.0,-0.0,Raw,VD-MM/GBSA
R-A-ILE-309,-0.0,0.13,-0.13,0.0,-0.0,Raw,VD-MM/GBSA
R-A-ASP-310,0.0,2.09,-2.09,0.0,0.0,Raw,VD-MM/GBSA
R-A-ALA-311,-0.0,0.06,-0.05,0.0,-0.0,Raw,VD-MM/GBSA
R-A-ALA-312,0.0,0.12,-0.12,0.0,-0.0,Raw,VD-MM/GBSA
R-A-THR-313,0.0,0.22,-0.23,0.0,-0.0,Raw,VD-MM/GBSA
R-A-GLN-314,0.0,-0.01,0.01,0.0,0.0,Raw,VD-MM/GBSA
R-A-ILE-315,-0.0,0.11,-0.11,0.0,-0.0,Raw,VD-MM/GBSA
R-A-PHE-316,-0.0,0.22,-0.23,0.0,-0.0,Raw,VD-MM/GBSA
R-A-PHE-317,-0.0,0.2,-0.21,0.0,-0.0,Raw,VD-MM/GBSA
R-A-SER-318,-0.0,0.21,-0.21,0.0,-0.0,Raw,VD-MM/GBSA
R-A-LEU-319,-0.0,0.22,-0.22,0.0,-0.0,Raw,VD-MM/GBSA
R-A-GLY-320,-0.0,0.25,-0.25,0.0,-0.0,Raw,VD-MM/GBSA
R-A-ALA-321,0.0,-0.14,0.14,0.0,0.0,Raw,VD-MM/GBSA
R-A-GLY-322,0.0,-0.08,0.08,0.0,0.0,Raw,VD-MM/GBSA
R-A-PHE-323,-0.0,0.05,-0.05,0.0,-0.0,Raw,VD-MM/GBSA
R-A-GLY-324,-0.0,0.21,-0.21,0.0,-0.0,Raw,VD-MM/GBSA
R-A-VAL-325,-0.0,0.5,-0.51,0.0,-0.01,Raw,VD-MM/GBSA
R-A-LEU-326,-0.0,0.44,-0.44,0.0,-0.0,Raw,VD-MM/GBSA
R-A-ILE-327,-0.0,0.34,-0.34,0.0,-0.0,Raw,VD-MM/GBSA
R-A-ALA-328,-0.0,0.41,-0.41,0.0,-0.01,Raw,VD-MM/GBSA
R-A-PHE-329,-0.01,0.6,-0.61,0.0,-0.01,Raw,VD-MM/GBSA
R-A-ALA-330,-0.0,0.32,-0.32,0.0,-0.0,Raw,VD-MM/GBSA
R-A-SER-331,-0.0,0.3,-0.31,0.0,-0.01,Raw,VD-MM/GBSA
R-A-TYR-332,-0.01,0.09,-0.09,0.0,-0.01,Raw,VD-MM/GBSA
R-A-ASN-333,-0.0,0.81,-0.82,0.0,-0.01,Raw,VD-MM/GBSA
R-A-LYS-334,-0.0,-15.23,15.24,0.0,0.01,Raw,VD-MM/GBSA
R-A-PHE-335,-0.0,-0.22,0.22,0.0,-0.0,Raw,VD-MM/GBSA
R-A-ASP-336,-0.0,11.73,-11.75,0.0,-0.02,Raw,VD-MM/GBSA
R-A-ASN-337,-0.0,-0.18,0.18,0.0,-0.0,Raw,VD-MM/GBSA
R-A-ASN-338,0.0,-0.09,0.09,0.0,-0.0,Raw,VD-MM/GBSA
R-A-CYS-339,-0.0,-0.16,0.16,0.0,-0.0,Raw,VD-MM/GBSA
R-A-TYR-340,-0.0,-0.05,0.05,0.0,-0.0,Raw,VD-MM/GBSA
R-A-ARG-341,-0.0,-8.38,8.38,0.0,0.01,Raw,VD-MM/GBSA
R-A-ASP-342,-0.0,10.0,-10.02,0.0,-0.02,Raw,VD-MM/GBSA
R-A-ALA-343,-0.0,-0.05,0.05,0.0,-0.0,Raw,VD-MM/GBSA
R-A-LEU-344,-0.0,-0.12,0.12,0.0,-0.0,Raw,VD-MM/GBSA
R-A-LEU-345,-0.0,-0.32,0.32,0.0,-0.0,Raw,VD-MM/GBSA
R-A-THR-346,-0.0,-0.23,0.23,0.0,-0.01,Raw,VD-MM/GBSA
R-A-SER-347,-0.0,-0.23,0.23,0.0,-0.0,Raw,VD-MM/GBSA
R-A-SER-348,-0.0,-0.27,0.27,0.0,-0.0,Raw,VD-MM/GBSA
R-A-ILE-349,-0.0,-0.35,0.34,0.0,-0.0,Raw,VD-MM/GBSA
R-A-ASN-350,-0.0,-0.23,0.23,0.0,-0.0,Raw,VD-MM/GBSA
R-A-CYS-351,-0.0,-0.19,0.19,0.0,0.0,Raw,VD-MM/GBSA
R-A-ILE-352,-0.0,-0.29,0.29,0.0,-0.0,Raw,VD-MM/GBSA
R-A-THR-353,-0.0,-0.21,0.21,0.0,-0.01,Raw,VD-MM/GBSA
R-A-SER-354,-0.0,-0.18,0.18,0.0,-0.0,Raw,VD-MM/GBSA
R-A-PHE-355,-0.0,-0.25,0.25,0.0,-0.0,Raw,VD-MM/GBSA
R-A-VAL-356,-0.0,-0.27,0.26,0.0,-0.01,Raw,VD-MM/GBSA
R-A-SER-357,-0.0,-0.21,0.21,0.0,-0.0,Raw,VD-MM/GBSA
R-A-GLY-358,0.0,-0.24,0.24,0.0,0.0,Raw,VD-MM/GBSA
R-A-PHE-359,-0.0,-0.24,0.24,0.0,-0.0,Raw,VD-MM/GBSA
R-A-ALA-360,-0.0,-0.28,0.28,0.0,-0.01,Raw,VD-MM/GBSA
R-A-ILE-361,-0.0,-0.29,0.29,0.0,-0.0,Raw,VD-MM/GBSA
R-A-PHE-362,-0.0,-0.21,0.21,0.0,-0.0,Raw,VD-MM/GBSA
R-A-SER-363,-0.0,-0.23,0.22,0.0,-0.01,Raw,VD-MM/GBSA
R-A-ILE-364,-0.0,-0.16,0.16,0.0,-0.0,Raw,VD-MM/GBSA
R-A-LEU-365,-0.0,-0.23,0.23,0.0,-0.0,Raw,VD-MM/GBSA
R-A-GLY-366,0.0,-0.11,0.11,0.0,0.0,Raw,VD-MM/GBSA
R-A-TYR-367,-0.0,0.03,-0.04,0.0,-0.01,Raw,VD-MM/GBSA
R-A-MET-368,-0.0,-0.06,0.06,0.0,-0.0,Raw,VD-MM/GBSA
R-A-ALA-369,0.0,-0.15,0.15,0.0,0.0,Raw,VD-MM/GBSA
R-A-HIE-370,-0.0,-0.19,0.2,0.0,0.0,Raw,VD-MM/GBSA
R-A-GLU-371,-0.0,-4.82,4.83,0.0,0.01,Raw,VD-MM/GBSA
R-A-HIE-372,-0.0,-0.09,0.09,0.0,-0.0,Raw,VD-MM/GBSA
R-A-LYS-373,-0.0,3.4,-3.41,0.0,-0.01,Raw,VD-MM/GBSA
R-A-VAL-374,-0.0,-0.08,0.08,0.0,-0.0,Raw,VD-MM/GBSA
R-A-ASN-375,-0.0,-0.08,0.08,0.0,0.0,Raw,VD-MM/GBSA
R-A-ILE-376,-0.0,-0.1,0.1,0.0,-0.0,Raw,VD-MM/GBSA
R-A-GLU-377,-0.0,-0.26,0.26,0.0,0.0,Raw,VD-MM/GBSA
R-A-ASP-378,0.0,-1.49,1.49,0.0,0.0,Raw,VD-MM/GBSA
R-A-VAL-379,-0.0,-0.1,0.1,0.0,-0.0,Raw,VD-MM/GBSA
R-A-ALA-380,0.0,-0.11,0.1,0.0,-0.0,Raw,VD-MM/GBSA
R-A-THR-381,-0.0,0.1,-0.1,0.0,-0.0,Raw,VD-MM/GBSA
R-A-GLU-382,-0.0,0.66,-0.65,0.0,0.0,Raw,VD-MM/GBSA
R-A-GLY-383,-0.0,-0.14,0.14,0.0,-0.0,Raw,VD-MM/GBSA
R-A-ALA-384,-0.0,-0.16,0.16,0.0,-0.0,Raw,VD-MM/GBSA
R-A-GLY-385,-0.0,-0.28,0.28,0.0,-0.0,Raw,VD-MM/GBSA
R-A-LEU-386,-0.0,-0.36,0.35,0.0,-0.01,Raw,VD-MM/GBSA
R-A-VAL-387,-0.01,-0.25,0.21,0.0,-0.04,Raw,VD-MM/GBSA
R-A-PHE-388,-0.01,-0.31,0.31,0.0,-0.02,Raw,VD-MM/GBSA
R-A-ILE-389,-0.01,-0.38,0.37,0.0,-0.02,Raw,VD-MM/GBSA
R-A-LEU-390,-0.0,-0.37,0.36,0.0,-0.01,Raw,VD-MM/GBSA
R-A-TYR-391,-0.01,-0.15,0.12,0.0,-0.04,Raw,VD-MM/GBSA
R-A-PRO-392,-0.01,-0.19,0.21,0.0,0.01,Raw,VD-MM/GBSA
R-A-GLU-393,-0.01,-5.62,5.64,0.0,0.02,Raw,VD-MM/GBSA
R-A-ALA-394,-0.0,-0.37,0.36,0.0,-0.01,Raw,VD-MM/GBSA
R-A-ILE-395,-0.02,-0.2,0.18,0.0,-0.04,Raw,VD-MM/GBSA
R-A-SER-396,-0.02,-0.17,0.1,0.0,-0.08,Raw,VD-MM/GBSA
R-A-THR-397,-0.01,-0.12,0.08,0.0,-0.05,Raw,VD-MM/GBSA
R-A-LEU-398,-0.02,-0.66,0.62,0.0,-0.06,Raw,VD-MM/GBSA
R-A-SER-399,-0.02,0.54,-0.63,0.0,-0.1,Raw,VD-MM/GBSA
R-A-GLY-400,-0.05,0.45,-0.49,0.0,-0.09,Raw,VD-MM/GBSA
R-A-SER-401,-0.06,0.32,-0.34,0.0,-0.08,Raw,VD-MM/GBSA
R-A-THR-402,-0.77,0.77,-0.92,-0.14,-1.06,Raw,VD-MM/GBSA
R-A-PHE-403,-0.87,0.06,-0.32,-0.26,-1.39,Raw,VD-MM/GBSA
R-A-TRP-404,-0.09,0.63,-0.69,0.0,-0.15,Raw,VD-MM/GBSA
R-A-ALA-405,-0.07,0.69,-0.75,0.0,-0.13,Raw,VD-MM/GBSA
R-A-VAL-406,-1.01,0.34,-0.45,-0.16,-1.28,Raw,VD-MM/GBSA
R-A-VAL-407,-0.12,0.39,-0.46,0.0,-0.19,Raw,VD-MM/GBSA
R-A-PHE-408,-0.03,0.65,-0.67,0.0,-0.06,Raw,VD-MM/GBSA
R-A-PHE-409,-0.06,0.53,-0.57,0.0,-0.1,Raw,VD-MM/GBSA
R-A-VAL-410,-0.14,0.28,-0.39,0.0,-0.24,Raw,VD-MM/GBSA
R-A-MET-411,-0.02,0.59,-0.63,0.0,-0.07,Raw,VD-MM/GBSA
R-A-LEU-412,-0.02,0.62,-0.68,0.0,-0.08,Raw,VD-MM/GBSA
R-A-LEU-413,-0.06,0.47,-0.53,0.0,-0.12,Raw,VD-MM/GBSA
R-A-ALA-414,-0.02,0.38,-0.41,0.0,-0.05,Raw,VD-MM/GBSA
R-A-LEU-415,-0.01,0.3,-0.32,0.0,-0.03,Raw,VD-MM/GBSA
R-A-GLY-416,-0.01,0.39,-0.45,0.0,-0.06,Raw,VD-MM/GBSA
R-A-LEU-417,-0.03,0.34,-0.38,0.0,-0.08,Raw,VD-MM/GBSA
R-A-ASP-418,-0.01,6.83,-6.84,0.0,-0.02,Raw,VD-MM/GBSA
R-A-SER-419,-0.0,0.64,-0.66,0.0,-0.02,Raw,VD-MM/GBSA
R-A-SER-420,-0.01,0.57,-0.61,0.0,-0.05,Raw,VD-MM/GBSA
R-A-MET-421,-0.02,-0.14,0.12,0.0,-0.04,Raw,VD-MM/GBSA
R-A-GLY-422,-0.0,0.43,-0.44,0.0,-0.0,Raw,VD-MM/GBSA
R-A-GLY-423,-0.0,0.32,-0.32,0.0,-0.01,Raw,VD-MM/GBSA
R-A-MET-424,-0.01,0.32,-0.33,0.0,-0.02,Raw,VD-MM/GBSA
R-A-GLU-425,-0.01,15.84,-15.89,0.0,-0.05,Raw,VD-MM/GBSA
R-A-ALA-426,-0.0,0.4,-0.4,0.0,-0.0,Raw,VD-MM/GBSA
R-A-VAL-427,-0.0,0.13,-0.14,0.0,-0.01,Raw,VD-MM/GBSA
R-A-ILE-428,-0.01,-0.02,0.01,0.0,-0.01,Raw,VD-MM/GBSA
R-A-THR-429,-0.0,0.48,-0.49,0.0,-0.01,Raw,VD-MM/GBSA
R-A-GLY-430,-0.0,0.26,-0.26,0.0,-0.0,Raw,VD-MM/GBSA
R-A-LEU-431,-0.0,0.09,-0.09,0.0,-0.01,Raw,VD-MM/GBSA
R-A-ALA-432,-0.0,-0.1,0.1,0.0,-0.0,Raw,VD-MM/GBSA
R-A-ASP-433,-0.0,15.13,-15.17,0.0,-0.04,Raw,VD-MM/GBSA
R-A-ASP-434,-0.0,11.02,-11.04,0.0,-0.02,Raw,VD-MM/GBSA
R-A-PHE-435,-0.0,0.11,-0.11,0.0,-0.0,Raw,VD-MM/GBSA
R-A-GLN-436,-0.0,1.27,-1.28,0.0,-0.01,Raw,VD-MM/GBSA
R-A-VAL-437,-0.0,0.82,-0.83,0.0,-0.01,Raw,VD-MM/GBSA
R-A-LEU-438,-0.0,0.87,-0.88,0.0,-0.02,Raw,VD-MM/GBSA
R-A-LYS-439,-0.01,-16.94,16.95,0.0,0.01,Raw,VD-MM/GBSA
R-A-ARG-440,-0.01,-18.72,18.73,0.0,0.01,Raw,VD-MM/GBSA
R-A-HIE-441,-0.01,0.49,-0.55,0.0,-0.07,Raw,VD-MM/GBSA
R-A-ARG-442,-0.02,-20.16,20.13,0.0,-0.06,Raw,VD-MM/GBSA
R-A-LYS-443,-0.15,-48.68,47.98,-0.07,-0.92,Raw,VD-MM/GBSA
R-A-LEU-444,-0.01,-0.83,0.83,0.0,-0.02,Raw,VD-MM/GBSA
R-A-PHE-445,-0.01,-0.96,0.96,0.0,-0.01,Raw,VD-MM/GBSA
R-A-THR-446,-0.01,-1.16,1.13,0.0,-0.04,Raw,VD-MM/GBSA
R-A-PHE-447,-0.02,-0.93,0.91,0.0,-0.04,Raw,VD-MM/GBSA
R-A-GLY-448,-0.0,-0.8,0.8,0.0,-0.01,Raw,VD-MM/GBSA
R-A-VAL-449,-0.0,-0.74,0.73,0.0,-0.02,Raw,VD-MM/GBSA
R-A-THR-450,-0.01,-0.49,0.46,0.0,-0.04,Raw,VD-MM/GBSA
R-A-PHE-451,-0.01,-0.69,0.69,0.0,-0.01,Raw,VD-MM/GBSA
R-A-SER-452,-0.0,-0.62,0.62,0.0,-0.01,Raw,VD-MM/GBSA
R-A-THR-453,-0.0,-0.36,0.35,0.0,-0.02,Raw,VD-MM/GBSA
R-A-PHE-454,-0.02,-0.4,0.39,0.0,-0.03,Raw,VD-MM/GBSA
R-A-LEU-455,-0.01,-0.55,0.55,0.0,-0.01,Raw,VD-MM/GBSA
R-A-LEU-456,-0.0,-0.39,0.39,0.0,-0.01,Raw,VD-MM/GBSA
R-A-ALA-457,-0.0,-0.26,0.25,0.0,-0.02,Raw,VD-MM/GBSA
R-A-LEU-458,-0.01,-0.4,0.4,0.0,-0.01,Raw,VD-MM/GBSA
R-A-PHE-459,-0.0,-0.42,0.42,0.0,-0.01,Raw,VD-MM/GBSA
R-A-CYS-460,-0.0,-0.15,0.12,0.0,-0.03,Raw,VD-MM/GBSA
R-A-ILE-461,-0.02,-0.35,0.36,0.0,-0.0,Raw,VD-MM/GBSA
R-A-THR-462,-0.01,-0.08,0.06,0.0,-0.03,Raw,VD-MM/GBSA
R-A-LYS-463,-0.03,7.02,-7.19,0.0,-0.2,Raw,VD-MM/GBSA
R-A-GLY-464,-0.0,0.11,-0.12,0.0,-0.01,Raw,VD-MM/GBSA
R-A-GLY-465,-0.0,0.35,-0.36,0.0,-0.01,Raw,VD-MM/GBSA
R-A-ILE-466,-0.0,0.28,-0.28,0.0,-0.0,Raw,VD-MM/GBSA
R-A-TYR-467,-0.0,0.15,-0.15,0.0,-0.0,Raw,VD-MM/GBSA
R-A-VAL-468,-0.0,0.29,-0.3,0.0,-0.01,Raw,VD-MM/GBSA
R-A-LEU-469,-0.0,0.34,-0.35,0.0,-0.01,Raw,VD-MM/GBSA
R-A-THR-470,-0.0,0.19,-0.19,0.0,-0.0,Raw,VD-MM/GBSA
R-A-LEU-471,-0.0,0.13,-0.13,0.0,-0.0,Raw,VD-MM/GBSA
R-A-LEU-472,-0.0,0.22,-0.22,0.0,-0.0,Raw,VD-MM/GBSA
R-A-ASP-473,-0.0,1.83,-1.83,0.0,0.0,Raw,VD-MM/GBSA
R-A-THR-474,-0.0,0.09,-0.09,0.0,-0.0,Raw,VD-MM/GBSA
R-A-PHE-475,-0.0,0.14,-0.14,0.0,-0.0,Raw,VD-MM/GBSA
R-A-ALA-476,-0.0,0.2,-0.2,0.0,-0.0,Raw,VD-MM/GBSA
R-A-ALA-477,-0.0,-0.02,0.01,0.0,-0.0,Raw,VD-MM/GBSA
R-A-GLY-478,-0.0,0.18,-0.18,0.0,-0.0,Raw,VD-MM/GBSA
R-A-THR-479,-0.0,0.11,-0.11,0.0,-0.0,Raw,VD-MM/GBSA
R-A-SER-480,0.0,0.07,-0.07,0.0,-0.0,Raw,VD-MM/GBSA
R-A-ILE-481,-0.0,0.13,-0.13,0.0,-0.0,Raw,VD-MM/GBSA
R-A-LEU-482,0.0,0.2,-0.2,0.0,0.0,Raw,VD-MM/GBSA
R-A-PHE-483,0.0,0.07,-0.07,0.0,0.0,Raw,VD-MM/GBSA
R-A-ALA-484,0.0,0.07,-0.07,0.0,-0.0,Raw,VD-MM/GBSA
R-A-VAL-485,0.0,0.16,-0.16,0.0,-0.0,Raw,VD-MM/GBSA
R-A-LEU-486,-0.0,0.13,-0.13,0.0,-0.0,Raw,VD-MM/GBSA
R-A-MET-487,0.0,0.05,-0.05,0.0,0.0,Raw,VD-MM/GBSA
R-A-GLU-488,0.0,7.46,-7.47,0.0,-0.01,Raw,VD-MM/GBSA
R-A-ALA-489,0.0,0.14,-0.14,0.0,0.0,Raw,VD-MM/GBSA
R-A-ILE-490,0.0,0.07,-0.07,0.0,-0.0,Raw,VD-MM/GBSA
R-A-GLY-491,0.0,-0.02,0.02,0.0,0.0,Raw,VD-MM/GBSA
R-A-VAL-492,0.0,0.06,-0.06,0.0,-0.0,Raw,VD-MM/GBSA
R-A-SER-493,0.0,0.13,-0.13,0.0,-0.0,Raw,VD-MM/GBSA
R-A-TRP-494,0.0,0.04,-0.04,0.0,-0.0,Raw,VD-MM/GBSA
R-A-PHE-495,0.0,-0.03,0.03,0.0,0.0,Raw,VD-MM/GBSA
R-A-TYR-496,-0.0,-0.01,0.01,0.0,-0.0,Raw,VD-MM/GBSA
R-A-GLY-497,0.0,0.19,-0.19,0.0,-0.0,Raw,VD-MM/GBSA
R-A-VAL-498,0.0,0.15,-0.15,0.0,0.0,Raw,VD-MM/GBSA
R-A-ASP-499,0.0,7.13,-7.13,0.0,-0.0,Raw,VD-MM/GBSA
R-A-ARG-500,0.0,-7.56,7.57,0.0,0.0,Raw,VD-MM/GBSA
R-A-PHE-501,-0.0,0.17,-0.17,0.0,-0.0,Raw,VD-MM/GBSA
R-A-SER-502,0.0,0.07,-0.07,0.0,-0.0,Raw,VD-MM/GBSA
R-A-ASN-503,0.0,0.03,-0.03,0.0,0.0,Raw,VD-MM/GBSA
R-A-ASP-504,-0.0,9.09,-9.1,0.0,-0.01,Raw,VD-MM/GBSA
R-A-ILE-505,-0.0,0.19,-0.19,0.0,-0.0,Raw,VD-MM/GBSA
R-A-GLN-506,0.0,0.03,-0.03,0.0,-0.0,Raw,VD-MM/GBSA
R-A-GLN-507,0.0,0.22,-0.22,0.0,-0.0,Raw,VD-MM/GBSA
R-A-MET-508,0.0,0.24,-0.24,0.0,-0.0,Raw,VD-MM/GBSA
R-A-MET-509,-0.0,0.01,-0.01,0.0,-0.0,Raw,VD-MM/GBSA
R-A-GLY-510,-0.0,-0.08,0.07,0.0,-0.0,Raw,VD-MM/GBSA
R-A-PHE-511,0.0,0.13,-0.13,0.0,0.0,Raw,VD-MM/GBSA
R-A-ARG-512,0.0,-7.24,7.24,0.0,0.0,Raw,VD-MM/GBSA
R-A-PRO-513,0.0,-0.03,0.03,0.0,0.0,Raw,VD-MM/GBSA
R-A-GLY-514,0.0,0.07,-0.08,0.0,-0.0,Raw,VD-MM/GBSA
R-A-LEU-515,0.0,0.05,-0.05,0.0,0.0,Raw,VD-MM/GBSA
R-A-TYR-516,0.0,-0.09,0.08,0.0,-0.0,Raw,VD-MM/GBSA
R-A-TRP-517,-0.0,-0.08,0.08,0.0,-0.0,Raw,VD-MM/GBSA
R-A-ARG-518,0.0,-6.32,6.32,0.0,0.0,Raw,VD-MM/GBSA
R-A-LEU-519,0.0,0.01,-0.01,0.0,-0.0,Raw,VD-MM/GBSA
R-A-CYS-520,0.0,-0.13,0.13,0.0,0.0,Raw,VD-MM/GBSA
R-A-TRP-521,-0.0,-0.08,0.08,0.0,-0.0,Raw,VD-MM/GBSA
R-A-LYS-522,0.0,-5.63,5.63,0.0,0.0,Raw,VD-MM/GBSA
R-A-PHE-523,0.0,-0.01,0.01,0.0,0.0,Raw,VD-MM/GBSA
R-A-VAL-524,0.0,-0.1,0.1,0.0,0.0,Raw,VD-MM/GBSA
R-A-SER-525,0.0,-0.2,0.2,0.0,-0.0,Raw,VD-MM/GBSA
R-A-PRO-526,0.0,-0.08,0.08,0.0,-0.0,Raw,VD-MM/GBSA
R-A-ALA-527,0.0,-0.06,0.06,0.0,0.0,Raw,VD-MM/GBSA
R-A-PHE-528,-0.0,-0.14,0.14,0.0,-0.0,Raw,VD-MM/GBSA
R-A-LEU-529,0.0,-0.16,0.16,0.0,0.0,Raw,VD-MM/GBSA
R-A-LEU-530,0.0,-0.06,0.05,0.0,-0.0,Raw,VD-MM/GBSA
R-A-PHE-531,0.0,-0.08,0.08,0.0,-0.0,Raw,VD-MM/GBSA
R-A-VAL-532,-0.0,-0.15,0.15,0.0,-0.0,Raw,VD-MM/GBSA
R-A-VAL-533,0.0,-0.12,0.12,0.0,0.0,Raw,VD-MM/GBSA
R-A-VAL-534,0.0,-0.07,0.07,0.0,0.0,Raw,VD-MM/GBSA
R-A-VAL-535,0.0,-0.1,0.1,0.0,0.0,Raw,VD-MM/GBSA
R-A-SER-536,0.0,-0.12,0.12,0.0,0.0,Raw,VD-MM/GBSA
R-A-ILE-537,0.0,-0.12,0.12,0.0,-0.0,Raw,VD-MM/GBSA
R-A-ILE-538,0.0,-0.08,0.08,0.0,0.0,Raw,VD-MM/GBSA
R-A-ASN-539,0.0,-0.06,0.06,0.0,0.0,Raw,VD-MM/GBSA
R-A-PHE-540,-0.0,-0.03,0.03,0.0,-0.0,Raw,VD-MM/GBSA
R-A-LYS-541,-0.0,-1.05,1.05,0.0,-0.0,Raw,VD-MM/GBSA
R-A-PRO-542,0.0,-0.02,0.03,0.0,0.0,Raw,VD-MM/GBSA
R-A-LEU-543,-0.0,-0.03,0.03,0.0,-0.0,Raw,VD-MM/GBSA
R-A-THR-544,0.0,0.12,-0.12,0.0,0.0,Raw,VD-MM/GBSA
R-A-TYR-545,-0.0,0.04,-0.04,0.0,-0.0,Raw,VD-MM/GBSA
R-A-ASP-546,-0.0,-1.54,1.54,0.0,0.01,Raw,VD-MM/GBSA
R-A-ASP-547,-0.0,-1.6,1.61,0.0,0.0,Raw,VD-MM/GBSA
R-A-TYR-548,-0.0,-0.01,0.01,0.0,-0.0,Raw,VD-MM/GBSA
R-A-ILE-549,-0.0,-0.1,0.1,0.0,-0.0,Raw,VD-MM/GBSA
R-A-PHE-550,0.0,-0.0,0.0,0.0,0.0,Raw,VD-MM/GBSA
R-A-PRO-551,-0.0,0.05,-0.05,0.0,-0.0,Raw,VD-MM/GBSA
R-A-PRO-552,-0.0,0.06,-0.06,0.0,-0.0,Raw,VD-MM/GBSA
R-A-TRP-553,-0.0,0.22,-0.22,0.0,-0.0,Raw,VD-MM/GBSA
R-A-ALA-554,0.0,0.16,-0.16,0.0,-0.0,Raw,VD-MM/GBSA
R-A-ASN-555,-0.0,0.14,-0.14,0.0,-0.0,Raw,VD-MM/GBSA
R-A-TRP-556,0.0,0.19,-0.19,0.0,0.0,Raw,VD-MM/GBSA
R-A-VAL-557,0.0,0.22,-0.22,0.0,-0.0,Raw,VD-MM/GBSA
R-A-GLY-558,0.0,0.17,-0.17,0.0,-0.0,Raw,VD-MM/GBSA
R-A-TRP-559,0.0,0.23,-0.23,0.0,-0.0,Raw,VD-MM/GBSA
R-A-GLY-560,0.0,0.18,-0.18,0.0,-0.0,Raw,VD-MM/GBSA
R-A-ILE-561,-0.0,0.24,-0.24,0.0,-0.0,Raw,VD-MM/GBSA
R-A-ALA-562,0.0,0.19,-0.19,0.0,-0.0,Raw,VD-MM/GBSA
R-A-LEU-563,0.0,0.17,-0.17,0.0,0.0,Raw,VD-MM/GBSA
R-A-SER-564,0.0,0.14,-0.14,0.0,0.0,Raw,VD-MM/GBSA
R-A-SER-565,0.0,0.12,-0.12,0.0,-0.0,Raw,VD-MM/GBSA
R-A-MET-566,-0.0,0.11,-0.11,0.0,-0.0,Raw,VD-MM/GBSA
R-A-VAL-567,0.0,0.07,-0.07,0.0,0.0,Raw,VD-MM/GBSA
R-A-LEU-568,0.0,0.06,-0.06,0.0,-0.0,Raw,VD-MM/GBSA
R-A-VAL-569,-0.0,0.19,-0.19,0.0,-0.0,Raw,VD-MM/GBSA
R-A-PRO-570,0.0,0.13,-0.14,0.0,-0.0,Raw,VD-MM/GBSA
R-A-ILE-571,0.0,0.04,-0.04,0.0,0.0,Raw,VD-MM/GBSA
R-A-TYR-572,0.0,0.06,-0.06,0.0,0.0,Raw,VD-MM/GBSA
R-A-VAL-573,0.0,0.15,-0.15,0.0,-0.0,Raw,VD-MM/GBSA
R-A-ILE-574,0.0,0.08,-0.08,0.0,-0.0,Raw,VD-MM/GBSA
R-A-TYR-575,0.0,-0.1,0.1,0.0,0.0,Raw,VD-MM/GBSA
R-A-LYS-576,0.0,-8.52,8.53,0.0,0.01,Raw,VD-MM/GBSA
R-A-PHE-577,0.0,0.09,-0.09,0.0,-0.0,Raw,VD-MM/GBSA
R-A-LEU-578,0.0,0.02,-0.02,0.0,-0.0,Raw,VD-MM/GBSA
R-A-SER-579,0.0,-0.02,0.02,0.0,-0.0,Raw,VD-MM/GBSA
R-A-THR-580,0.0,-0.05,0.05,0.0,0.0,Raw,VD-MM/GBSA
R-A-GLN-581,0.0,0.08,-0.08,0.0,0.0,Raw,VD-MM/GBSA
R-A-GLY-582,-0.0,0.02,-0.02,0.0,-0.0,Raw,VD-MM/GBSA
R-A-SER-583,0.0,0.15,-0.15,0.0,-0.0,Raw,VD-MM/GBSA
R-A-LEU-584,0.0,0.11,-0.11,0.0,-0.0,Raw,VD-MM/GBSA
R-A-TRP-585,0.0,0.08,-0.08,0.0,0.0,Raw,VD-MM/GBSA
R-A-GLU-586,0.0,7.16,-7.16,0.0,-0.0,Raw,VD-MM/GBSA
R-A-ARG-587,0.0,-6.64,6.64,0.0,0.0,Raw,VD-MM/GBSA
R-A-LEU-588,0.0,0.12,-0.12,0.0,0.0,Raw,VD-MM/GBSA
R-A-ALA-589,0.0,0.03,-0.03,0.0,0.0,Raw,VD-MM/GBSA
R-A-TYR-590,-0.0,0.05,-0.04,0.0,-0.0,Raw,VD-MM/GBSA
R-A-GLY-591,0.0,0.11,-0.11,0.0,-0.0,Raw,VD-MM/GBSA
R-A-ILE-592,0.0,0.07,-0.07,0.0,-0.0,Raw,VD-MM/GBSA
R-A-THR-593,0.0,-0.03,0.03,0.0,0.0,Raw,VD-MM/GBSA
R-A-PRO-594,0.0,-0.09,0.09,0.0,0.0,Raw,VD-MM/GBSA
R-A-GLU-595,0.0,10.11,-10.12,0.0,-0.01,Raw,VD-MM/GBSA
R-A-ASN-596,-0.0,0.01,-0.01,0.0,-0.0,Raw,VD-MM/GBSA
R-A-GLU-597,0.0,8.21,-8.21,0.0,-0.0,Raw,VD-MM/GBSA
R-A-HIE-598,0.0,-0.04,0.03,0.0,-0.0,Raw,VD-MM/GBSA
R-A-HIE-599,0.0,-0.03,0.03,0.0,-0.0,Raw,VD-MM/GBSA
R-A-LEU-600,0.0,-0.07,0.07,0.0,-0.0,Raw,VD-MM/GBSA
R-A-VAL-601,0.0,-0.14,0.14,0.0,0.0,Raw,VD-MM/GBSA
R-A-ALA-602,-0.0,-0.08,0.08,0.0,-0.0,Raw,VD-MM/GBSA
R-A-GLN-603,0.0,-0.16,0.16,0.0,0.0,Raw,VD-MM/GBSA
R-A-ARG-604,0.0,-6.67,6.67,0.0,0.0,Raw,VD-MM/GBSA
R-A-ASP-605,0.0,7.26,-7.26,0.0,-0.0,Raw,VD-MM/GBSA
R-A-ILE-606,0.0,-0.08,0.08,0.0,-0.0,Raw,VD-MM/GBSA
R-A-ARG-607,0.0,-7.12,7.12,0.0,0.0,Raw,VD-MM/GBSA
R-A-GLN-608,0.0,-0.02,0.02,0.0,-0.0,Raw,VD-MM/GBSA
R-A-PHE-609,0.0,-0.06,0.07,0.0,0.0,Raw,VD-MM/GBSA
R-A-GLN-610,0.0,0.03,-0.03,0.0,-0.0,Raw,VD-MM/GBSA
R-A-LEU-611,0.0,0.04,-0.04,0.0,0.0,Raw,VD-MM/GBSA
R-A-GLN-612,0.0,0.09,-0.09,0.0,0.0,Raw,VD-MM/GBSA
R-A-HIE-613,-0.0,0.08,-0.08,0.0,-0.0,Raw,VD-MM/GBSA
R-A-TRP-614,0.0,0.0,0.0,0.0,0.0,Raw,VD-MM/GBSA
R-A-LEU-615,0.0,-0.03,0.03,0.0,-0.0,Raw,VD-MM/GBSA
R-A-ALA-616,0.0,-0.07,0.07,0.0,0.0,Raw,VD-MM/GBSA
R-A-ILE-617,0.0,6.25,-6.25,0.0,-0.0,Raw,VD-MM/GBSA
L-B-MET-1,0.0,-3.79,3.8,0.0,0.0,Raw,VD-MM/GBSA
L-B-LEU-2,0.0,0.0,-0.0,0.0,0.0,Raw,VD-MM/GBSA
L-B-LEU-3,0.0,0.01,-0.01,0.0,-0.0,Raw,VD-MM/GBSA
L-B-ALA-4,0.0,0.03,-0.03,0.0,0.0,Raw,VD-MM/GBSA
L-B-ARG-5,0.0,-3.52,3.52,0.0,0.0,Raw,VD-MM/GBSA
L-B-MET-6,0.0,0.08,-0.08,0.0,-0.0,Raw,VD-MM/GBSA
L-B-ASN-7,0.0,0.05,-0.05,0.0,0.0,Raw,VD-MM/GBSA
L-B-PRO-8,0.0,-0.07,0.07,0.0,-0.0,Raw,VD-MM/GBSA
L-B-GLN-9,0.0,0.14,-0.14,0.0,0.0,Raw,VD-MM/GBSA
L-B-VAL-10,0.0,-0.04,0.04,0.0,0.0,Raw,VD-MM/GBSA
L-B-GLN-11,0.0,0.04,-0.04,0.0,0.0,Raw,VD-MM/GBSA
L-B-PRO-12,0.0,0.08,-0.08,0.0,-0.0,Raw,VD-MM/GBSA
L-B-GLU-13,0.0,4.49,-4.49,0.0,-0.0,Raw,VD-MM/GBSA
L-B-ASN-14,0.0,-0.13,0.13,0.0,-0.0,Raw,VD-MM/GBSA
L-B-ASN-15,0.0,-0.02,0.02,0.0,0.0,Raw,VD-MM/GBSA
L-B-GLY-16,0.0,-0.05,0.05,0.0,-0.0,Raw,VD-MM/GBSA
L-B-ALA-17,0.0,-0.03,0.03,0.0,-0.0,Raw,VD-MM/GBSA
L-B-ASP-18,0.0,5.63,-5.64,0.0,-0.0,Raw,VD-MM/GBSA
L-B-THR-19,0.0,0.01,-0.01,0.0,0.0,Raw,VD-MM/GBSA
L-B-GLY-20,0.0,-0.12,0.12,0.0,0.0,Raw,VD-MM/GBSA
L-B-PRO-21,0.0,0.01,-0.01,0.0,-0.0,Raw,VD-MM/GBSA
L-B-GLU-22,0.0,6.08,-6.09,0.0,-0.0,Raw,VD-MM/GBSA
L-B-GLN-23,0.0,-0.17,0.17,0.0,0.0,Raw,VD-MM/GBSA
L-B-PRO-24,0.0,-0.0,0.0,0.0,0.0,Raw,VD-MM/GBSA
L-B-LEU-25,0.0,0.08,-0.08,0.0,-0.0,Raw,VD-MM/GBSA
L-B-ARG-26,0.0,-9.69,9.71,0.0,0.02,Raw,VD-MM/GBSA
L-B-ALA-27,-0.0,0.07,-0.07,0.0,-0.0,Raw,VD-MM/GBSA
L-B-ARG-28,-0.0,-6.93,6.94,0.0,0.01,Raw,VD-MM/GBSA
L-B-LYS-29,0.0,-10.46,10.48,0.0,0.02,Raw,VD-MM/GBSA
L-B-THR-30,0.0,0.13,-0.13,0.0,0.0,Raw,VD-MM/GBSA
L-B-ALA-31,0.0,-0.06,0.06,0.0,0.0,Raw,VD-MM/GBSA
L-B-GLU-32,0.0,7.88,-7.89,0.0,-0.01,Raw,VD-MM/GBSA
L-B-LEU-33,0.0,-0.03,0.03,0.0,0.0,Raw,VD-MM/GBSA
L-B-LEU-34,-0.0,0.01,-0.01,0.0,-0.0,Raw,VD-MM/GBSA
L-B-VAL-35,-0.0,-0.0,0.0,0.0,-0.0,Raw,VD-MM/GBSA
L-B-VAL-36,0.0,-0.02,0.02,0.0,0.0,Raw,VD-MM/GBSA
L-B-LYS-37,0.0,-6.34,6.35,0.0,0.0,Raw,VD-MM/GBSA
L-B-GLU-38,0.0,7.32,-7.33,0.0,-0.0,Raw,VD-MM/GBSA
L-B-ARG-39,0.0,-7.17,7.18,0.0,0.0,Raw,VD-MM/GBSA
L-B-ASN-40,0.0,0.08,-0.08,0.0,-0.0,Raw,VD-MM/GBSA
L-B-GLY-41,0.0,0.06,-0.06,0.0,0.0,Raw,VD-MM/GBSA
L-B-VAL-42,0.0,0.08,-0.08,0.0,-0.0,Raw,VD-MM/GBSA
L-B-GLN-43,-0.0,-0.21,0.21,0.0,-0.0,Raw,VD-MM/GBSA
L-B-CYS-44,-0.0,0.13,-0.13,0.0,-0.0,Raw,VD-MM/GBSA
L-B-LEU-45,-0.0,0.03,-0.03,0.0,-0.0,Raw,VD-MM/GBSA
L-B-LEU-46,-0.0,0.22,-0.22,0.0,-0.0,Raw,VD-MM/GBSA
L-B-ALA-47,0.0,0.05,-0.06,0.0,-0.0,Raw,VD-MM/GBSA
L-B-PRO-48,-0.0,-0.42,0.42,0.0,0.0,Raw,VD-MM/GBSA
L-B-ARG-49,-0.0,-11.49,11.52,0.0,0.03,Raw,VD-MM/GBSA
L-B-ASP-50,-0.0,12.41,-12.44,0.0,-0.03,Raw,VD-MM/GBSA
L-B-GLY-51,-0.0,0.12,-0.12,0.0,-0.0,Raw,VD-MM/GBSA
L-B-ASP-52,-0.0,18.37,-18.45,0.0,-0.09,Raw,VD-MM/GBSA
L-B-ALA-53,-0.0,-0.06,0.06,0.0,-0.0,Raw,VD-MM/GBSA
L-B-GLN-54,-0.01,-0.59,0.53,0.0,-0.07,Raw,VD-MM/GBSA
L-B-PRO-55,-0.01,0.82,-0.85,0.0,-0.03,Raw,VD-MM/GBSA
L-B-ARG-56,-0.01,-15.03,15.07,0.0,0.04,Raw,VD-MM/GBSA
L-B-GLU-57,-0.02,29.41,-29.78,0.0,-0.39,Raw,VD-MM/GBSA
L-B-THR-58,-0.01,1.81,-1.88,0.0,-0.08,Raw,VD-MM/GBSA
L-B-TRP-59,-0.02,0.19,-0.21,0.0,-0.04,Raw,VD-MM/GBSA
L-B-GLY-60,-0.02,-1.11,1.07,0.0,-0.07,Raw,VD-MM/GBSA
L-B-LYS-61,-0.06,-33.72,33.57,0.0,-0.2,Raw,VD-MM/GBSA
L-B-LYS-62,-0.01,-12.42,12.46,0.0,0.02,Raw,VD-MM/GBSA
L-B-ILE-63,-0.02,-1.0,1.0,0.0,-0.02,Raw,VD-MM/GBSA
L-B-ASP-64,-0.03,28.74,-29.26,0.0,-0.54,Raw,VD-MM/GBSA
L-B-PHE-65,-0.01,-0.28,0.28,0.0,-0.01,Raw,VD-MM/GBSA
L-B-LEU-66,-0.01,-0.58,0.58,0.0,-0.01,Raw,VD-MM/GBSA
L-B-LEU-67,-0.02,-1.01,1.01,0.0,-0.02,Raw,VD-MM/GBSA
L-B-SER-68,-0.01,-0.72,0.71,0.0,-0.02,Raw,VD-MM/GBSA
L-B-VAL-69,-0.0,-0.44,0.44,0.0,-0.01,Raw,VD-MM/GBSA
L-B-VAL-70,-0.01,-0.7,0.7,0.0,-0.01,Raw,VD-MM/GBSA
L-B-GLY-71,-0.0,-0.86,0.86,0.0,-0.01,Raw,VD-MM/GBSA
L-B-PHE-72,-0.01,-0.58,0.58,0.0,-0.01,Raw,VD-MM/GBSA
L-B-ALA-73,-0.0,-0.27,0.27,0.0,-0.0,Raw,VD-MM/GBSA
L-B-VAL-74,-0.0,0.36,-0.37,0.0,-0.02,Raw,VD-MM/GBSA
L-B-ASP-75,-0.0,1.66,-1.67,0.0,-0.02,Raw,VD-MM/GBSA
L-B-LEU-76,-0.01,-0.06,0.06,0.0,-0.01,Raw,VD-MM/GBSA
L-B-ALA-77,-0.0,-0.42,0.42,0.0,-0.0,Raw,VD-MM/GBSA
L-B-ASN-78,-0.0,-0.35,0.35,0.0,-0.0,Raw,VD-MM/GBSA
L-B-VAL-79,-0.0,-0.17,0.16,0.0,-0.01,Raw,VD-MM/GBSA
L-B-TRP-80,-0.01,-0.32,0.32,0.0,-0.01,Raw,VD-MM/GBSA
L-B-ARG-81,-0.0,1.54,-1.53,0.0,0.0,Raw,VD-MM/GBSA
L-B-PHE-82,-0.0,-0.06,0.06,0.0,-0.0,Raw,VD-MM/GBSA
L-B-PRO-83,-0.0,0.14,-0.14,0.0,-0.0,Raw,VD-MM/GBSA
L-B-TYR-84,-0.0,-0.02,0.02,0.0,-0.0,Raw,VD-MM/GBSA
L-B-LEU-85,-0.0,-0.1,0.1,0.0,-0.0,Raw,VD-MM/GBSA
L-B-CYS-86,-0.0,0.05,-0.05,0.0,0.0,Raw,VD-MM/GBSA
L-B-TYR-87,-0.0,0.17,-0.17,0.0,-0.0,Raw,VD-MM/GBSA
L-B-LYS-88,0.0,2.74,-2.74,0.0,0.0,Raw,VD-MM/GBSA
L-B-ASN-89,-0.0,0.11,-0.11,0.0,-0.0,Raw,VD-MM/GBSA
L-B-GLY-90,-0.0,0.04,-0.04,0.0,-0.0,Raw,VD-MM/GBSA
L-B-GLY-91,0.0,0.06,-0.06,0.0,-0.0,Raw,VD-MM/GBSA
L-B-GLY-92,0.0,0.12,-0.12,0.0,0.0,Raw,VD-MM/GBSA
L-B-ALA-93,0.0,0.16,-0.16,0.0,0.0,Raw,VD-MM/GBSA
L-B-PHE-94,-0.0,0.13,-0.13,0.0,-0.0,Raw,VD-MM/GBSA
L-B-LEU-95,-0.0,0.15,-0.15,0.0,-0.0,Raw,VD-MM/GBSA
L-B-ILE-96,-0.0,0.19,-0.19,0.0,-0.0,Raw,VD-MM/GBSA
L-B-PRO-97,0.0,0.2,-0.2,0.0,-0.0,Raw,VD-MM/GBSA
L-B-TYR-98,-0.0,0.08,-0.08,0.0,-0.0,Raw,VD-MM/GBSA
L-B-THR-99,-0.0,0.23,-0.23,0.0,-0.0,Raw,VD-MM/GBSA
L-B-LEU-100,0.0,0.21,-0.21,0.0,0.0,Raw,VD-MM/GBSA
L-B-PHE-101,0.0,0.18,-0.18,0.0,-0.0,Raw,VD-MM/GBSA
L-B-LEU-102,-0.0,0.15,-0.15,0.0,-0.0,Raw,VD-MM/GBSA
L-B-ILE-103,-0.0,0.2,-0.21,0.0,-0.0,Raw,VD-MM/GBSA
L-B-ILE-104,0.0,0.13,-0.13,0.0,0.0,Raw,VD-MM/GBSA
L-B-ALA-105,-0.0,0.19,-0.2,0.0,-0.0,Raw,VD-MM/GBSA
L-B-GLY-106,0.0,0.2,-0.2,0.0,-0.0,Raw,VD-MM/GBSA
L-B-MET-107,-0.0,0.18,-0.18,0.0,-0.0,Raw,VD-MM/GBSA
L-B-PRO-108,0.0,0.29,-0.29,0.0,-0.0,Raw,VD-MM/GBSA
L-B-LEU-109,-0.0,0.31,-0.31,0.0,-0.0,Raw,VD-MM/GBSA
L-B-PHE-110,-0.0,0.28,-0.28,0.0,-0.0,Raw,VD-MM/GBSA
L-B-TYR-111,-0.0,0.42,-0.42,0.0,-0.0,Raw,VD-MM/GBSA
L-B-MET-112,-0.0,0.24,-0.24,0.0,-0.0,Raw,VD-MM/GBSA
L-B-GLU-113,-0.0,6.09,-6.12,0.0,-0.02,Raw,VD-MM/GBSA
L-B-LEU-114,-0.0,0.32,-0.32,0.0,-0.0,Raw,VD-MM/GBSA
L-B-ALA-115,-0.0,0.4,-0.4,0.0,-0.0,Raw,VD-MM/GBSA
L-B-LEU-116,-0.0,0.26,-0.26,0.0,-0.0,Raw,VD-MM/GBSA
L-B-GLY-117,-0.0,0.14,-0.14,0.0,-0.0,Raw,VD-MM/GBSA
L-B-GLN-118,-0.0,0.55,-0.55,0.0,-0.0,Raw,VD-MM/GBSA
L-B-TYR-119,-0.0,0.35,-0.36,0.0,-0.0,Raw,VD-MM/GBSA
L-B-ASN-120,-0.0,0.07,-0.07,0.0,0.0,Raw,VD-MM/GBSA
L-B-ARG-121,-0.0,-14.95,15.0,0.0,0.05,Raw,VD-MM/GBSA
L-B-GLU-122,-0.0,10.65,-10.68,0.0,-0.03,Raw,VD-MM/GBSA
L-B-GLY-123,0.0,-0.11,0.11,0.0,0.0,Raw,VD-MM/GBSA
L-B-ALA-124,-0.0,-0.17,0.18,0.0,0.0,Raw,VD-MM/GBSA
L-B-ALA-125,-0.0,-0.31,0.31,0.0,0.0,Raw,VD-MM/GBSA
L-B-THR-126,-0.0,-0.31,0.31,0.0,0.0,Raw,VD-MM/GBSA
L-B-VAL-127,-0.0,-0.03,0.03,0.0,-0.0,Raw,VD-MM/GBSA
L-B-TRP-128,-0.0,-0.16,0.16,0.0,0.0,Raw,VD-MM/GBSA
L-B-LYS-129,-0.0,-9.74,9.77,0.0,0.02,Raw,VD-MM/GBSA
L-B-ILE-130,0.0,-0.06,0.06,0.0,0.0,Raw,VD-MM/GBSA
L-B-CYS-131,0.0,-0.09,0.09,0.0,-0.0,Raw,VD-MM/GBSA
L-B-PRO-132,-0.0,-0.06,0.06,0.0,-0.0,Raw,VD-MM/GBSA
L-B-PHE-133,-0.0,-0.08,0.08,0.0,0.0,Raw,VD-MM/GBSA
L-B-PHE-134,-0.0,-0.09,0.09,0.0,-0.0,Raw,VD-MM/GBSA
L-B-LYS-135,-0.0,-7.05,7.07,0.0,0.02,Raw,VD-MM/GBSA
L-B-GLY-136,0.0,0.03,-0.04,0.0,-0.0,Raw,VD-MM/GBSA
L-B-VAL-137,-0.0,-0.16,0.16,0.0,-0.0,Raw,VD-MM/GBSA
L-B-GLY-138,-0.0,-0.14,0.14,0.0,-0.0,Raw,VD-MM/GBSA
L-B-TYR-139,-0.0,-0.1,0.1,0.0,-0.0,Raw,VD-MM/GBSA
L-B-ALA-140,0.0,-0.1,0.1,0.0,-0.0,Raw,VD-MM/GBSA
L-B-VAL-141,-0.0,-0.3,0.3,0.0,-0.0,Raw,VD-MM/GBSA
L-B-ILE-142,-0.0,-0.23,0.23,0.0,-0.0,Raw,VD-MM/GBSA
L-B-LEU-143,-0.0,-0.06,0.06,0.0,-0.0,Raw,VD-MM/GBSA
L-B-ILE-144,-0.0,-0.3,0.3,0.0,-0.0,Raw,VD-MM/GBSA
L-B-ALA-145,-0.0,-0.41,0.41,0.0,-0.0,Raw,VD-MM/GBSA
L-B-LEU-146,-0.0,-0.23,0.23,0.0,-0.0,Raw,VD-MM/GBSA
L-B-TYR-147,-0.0,-0.27,0.27,0.0,-0.0,Raw,VD-MM/GBSA
L-B-VAL-148,-0.0,-0.59,0.59,0.0,-0.0,Raw,VD-MM/GBSA
L-B-GLY-149,-0.0,-0.49,0.49,0.0,-0.0,Raw,VD-MM/GBSA
L-B-PHE-150,-0.01,-0.38,0.37,0.0,-0.01,Raw,VD-MM/GBSA
L-B-TYR-151,-0.01,-0.52,0.52,0.0,-0.01,Raw,VD-MM/GBSA
L-B-TYR-152,-0.01,-0.77,0.76,0.0,-0.02,Raw,VD-MM/GBSA
L-B-ASN-153,-0.01,-0.06,-0.0,0.0,-0.07,Raw,VD-MM/GBSA
L-B-VAL-154,-0.01,-0.57,0.57,0.0,-0.01,Raw,VD-MM/GBSA
L-B-ILE-155,-0.01,-0.78,0.77,0.0,-0.02,Raw,VD-MM/GBSA
L-B-ILE-156,-0.03,-0.78,0.77,0.0,-0.04,Raw,VD-MM/GBSA
L-B-ALA-157,-0.04,-0.72,0.69,0.0,-0.06,Raw,VD-MM/GBSA
L-B-TRP-158,-0.04,-0.69,0.7,0.0,-0.03,Raw,VD-MM/GBSA
L-B-SER-159,-0.03,-1.0,0.91,0.0,-0.12,Raw,VD-MM/GBSA
L-B-LEU-160,-0.27,-0.69,0.53,0.0,-0.44,Raw,VD-MM/GBSA
L-B-TYR-161,-0.86,-1.3,1.19,-0.09,-1.05,Raw,VD-MM/GBSA
L-B-TYR-162,-0.11,-1.15,1.11,0.0,-0.15,Raw,VD-MM/GBSA
L-B-LEU-163,-0.41,-0.72,0.41,0.0,-0.72,Raw,VD-MM/GBSA
L-B-PHE-164,-3.89,-0.9,-0.51,-0.58,-5.88,Raw,VD-MM/GBSA
L-B-SER-165,-0.35,-1.48,0.99,0.0,-0.84,Raw,VD-MM/GBSA
L-B-SER-166,-0.54,-0.11,-0.71,-0.06,-1.42,Raw,VD-MM/GBSA
L-B-PHE-167,-5.32,3.15,-4.41,-1.07,-7.65,Raw,VD-MM/GBSA
L-B-THR-168,-1.65,2.25,-4.13,-0.15,-3.67,Raw,VD-MM/GBSA
L-B-LEU-169,-3.34,1.9,-2.52,-0.79,-4.75,Raw,VD-MM/GBSA
L-B-ASN-170,-0.39,0.42,-1.17,-0.14,-1.27,Raw,VD-MM/GBSA
L-B-LEU-171,-0.15,-0.65,0.5,0.0,-0.3,Raw,VD-MM/GBSA
L-B-PRO-172,-0.11,0.02,-0.07,0.0,-0.16,Raw,VD-MM/GBSA
L-B-TRP-173,-0.07,-0.09,0.06,0.0,-0.11,Raw,VD-MM/GBSA
L-B-THR-174,-0.02,0.18,-0.26,0.0,-0.11,Raw,VD-MM/GBSA
L-B-ASP-175,-0.03,-21.14,20.91,0.0,-0.26,Raw,VD-MM/GBSA
L-B-CYS-176,-0.01,0.17,-0.21,0.0,-0.05,Raw,VD-MM/GBSA
L-B-GLY-177,-0.03,-0.4,0.29,0.0,-0.13,Raw,VD-MM/GBSA
L-B-HIE-178,-0.13,-0.61,0.26,0.0,-0.49,Raw,VD-MM/GBSA
L-B-THR-179,-0.24,0.97,-1.43,-0.09,-0.78,Raw,VD-MM/GBSA
L-B-TRP-180,-0.39,-0.22,0.12,-0.12,-0.6,Raw,VD-MM/GBSA
L-B-ASN-181,-0.03,0.18,-0.26,0.0,-0.11,Raw,VD-MM/GBSA
L-B-SER-182,-0.01,-0.42,0.41,0.0,-0.02,Raw,VD-MM/GBSA
L-B-PRO-183,-0.0,-0.11,0.11,0.0,-0.01,Raw,VD-MM/GBSA
L-B-ASN-184,-0.0,0.25,-0.25,0.0,-0.01,Raw,VD-MM/GBSA
L-B-CYS-185,-0.01,0.12,-0.13,0.0,-0.02,Raw,VD-MM/GBSA
L-B-THR-186,-0.0,-0.05,0.04,0.0,-0.01,Raw,VD-MM/GBSA
L-B-ASP-187,-0.0,-14.9,14.89,0.0,-0.02,Raw,VD-MM/GBSA
L-B-PRO-188,-0.0,0.3,-0.3,0.0,-0.01,Raw,VD-MM/GBSA
L-B-LYS-189,-0.0,14.82,-14.87,0.0,-0.06,Raw,VD-MM/GBSA
L-B-LEU-190,-0.0,0.28,-0.28,0.0,-0.0,Raw,VD-MM/GBSA
L-B-LEU-191,-0.0,-0.02,0.02,0.0,-0.0,Raw,VD-MM/GBSA
L-B-ASN-192,-0.0,-0.07,0.07,0.0,-0.0,Raw,VD-MM/GBSA
L-B-GLY-193,0.0,-0.1,0.1,0.0,0.0,Raw,VD-MM/GBSA
L-B-SER-194,0.0,-0.04,0.04,0.0,0.0,Raw,VD-MM/GBSA
L-B-VAL-195,-0.0,0.01,-0.01,0.0,-0.0,Raw,VD-MM/GBSA
L-B-LEU-196,-0.0,-0.12,0.12,0.0,-0.0,Raw,VD-MM/GBSA
L-B-GLY-197,0.0,-0.07,0.07,0.0,0.0,Raw,VD-MM/GBSA
L-B-ASN-198,0.0,0.11,-0.11,0.0,0.0,Raw,VD-MM/GBSA
L-B-HIE-199,-0.0,0.17,-0.17,0.0,-0.0,Raw,VD-MM/GBSA
L-B-THR-200,-0.0,0.04,-0.04,0.0,-0.0,Raw,VD-MM/GBSA
L-B-LYS-201,-0.0,4.94,-4.94,0.0,-0.0,Raw,VD-MM/GBSA
L-B-TYR-202,-0.0,-0.27,0.27,0.0,-0.01,Raw,VD-MM/GBSA
L-B-SER-203,-0.0,-0.18,0.18,0.0,-0.0,Raw,VD-MM/GBSA
L-B-LYS-204,-0.0,5.67,-5.68,0.0,-0.01,Raw,VD-MM/GBSA
L-B-TYR-205,-0.0,0.06,-0.06,0.0,-0.01,Raw,VD-MM/GBSA
L-B-LYS-206,-0.0,8.93,-8.95,0.0,-0.02,Raw,VD-MM/GBSA
L-B-PHE-207,-0.01,-0.32,0.32,0.0,-0.01,Raw,VD-MM/GBSA
L-B-THR-208,-0.01,-0.15,0.14,0.0,-0.02,Raw,VD-MM/GBSA
L-B-PRO-209,-0.01,-0.05,0.02,0.0,-0.04,Raw,VD-MM/GBSA
L-B-ALA-210,-0.01,-0.38,0.38,0.0,-0.02,Raw,VD-MM/GBSA
L-B-ALA-211,-0.0,0.01,-0.01,0.0,-0.01,Raw,VD-MM/GBSA
L-B-GLU-212,-0.01,-15.2,15.21,0.0,-0.0,Raw,VD-MM/GBSA
L-B-PHE-213,-0.09,-0.18,0.18,0.0,-0.09,Raw,VD-MM/GBSA
L-B-TYR-214,-0.02,-0.45,0.45,0.0,-0.02,Raw,VD-MM/GBSA
L-B-GLU-215,-0.01,-10.83,10.83,0.0,-0.01,Raw,VD-MM/GBSA
L-B-ARG-216,-0.06,15.86,-16.1,0.0,-0.3,Raw,VD-MM/GBSA
L-B-GLY-217,-0.11,-0.6,0.44,0.0,-0.27,Raw,VD-MM/GBSA
L-B-VAL-218,-0.07,-0.61,0.54,0.0,-0.15,Raw,VD-MM/GBSA
L-B-LEU-219,-0.03,0.01,-0.03,0.0,-0.05,Raw,VD-MM/GBSA
L-B-HIE-220,-0.5,0.48,-0.91,-0.16,-1.08,Raw,VD-MM/GBSA
L-B-LEU-221,-0.01,0.03,-0.04,0.0,-0.02,Raw,VD-MM/GBSA
L-B-HIE-222,-0.04,0.95,-0.99,0.0,-0.08,Raw,VD-MM/GBSA
L-B-GLU-223,-0.05,-16.51,16.24,0.0,-0.32,Raw,VD-MM/GBSA
L-B-SER-224,-0.01,-0.15,0.15,0.0,-0.01,Raw,VD-MM/GBSA
L-B-SER-225,-0.0,0.13,-0.13,0.0,-0.0,Raw,VD-MM/GBSA
L-B-GLY-226,-0.0,-0.28,0.28,0.0,-0.0,Raw,VD-MM/GBSA
L-B-ILE-227,-0.0,-0.19,0.19,0.0,-0.0,Raw,VD-MM/GBSA
L-B-HIE-228,-0.0,0.17,-0.17,0.0,-0.0,Raw,VD-MM/GBSA
L-B-ASP-229,-0.0,-10.13,10.12,0.0,-0.01,Raw,VD-MM/GBSA
L-B-ILE-230,-0.01,-0.47,0.45,0.0,-0.02,Raw,VD-MM/GBSA
L-B-GLY-231,-0.0,0.39,-0.41,0.0,-0.03,Raw,VD-MM/GBSA
L-B-LEU-232,-0.02,0.0,-0.06,0.0,-0.08,Raw,VD-MM/GBSA
L-B-PRO-233,-0.03,-0.63,0.51,0.0,-0.15,Raw,VD-MM/GBSA
L-B-GLN-234,-0.1,0.1,-0.3,0.0,-0.3,Raw,VD-MM/GBSA
L-B-TRP-235,-4.25,0.61,-2.01,-0.76,-6.41,Raw,VD-MM/GBSA
L-B-GLN-236,-2.24,5.92,-5.81,-0.33,-2.47,Raw,VD-MM/GBSA
L-B-LEU-237,-0.13,0.03,-0.04,0.0,-0.15,Raw,VD-MM/GBSA
L-B-LEU-238,-0.14,0.84,-0.92,0.0,-0.22,Raw,VD-MM/GBSA
L-B-LEU-239,-2.06,1.53,-1.79,-0.51,-2.84,Raw,VD-MM/GBSA
L-B-CYS-240,-0.28,0.16,-0.31,-0.0,-0.43,Raw,VD-MM/GBSA
L-B-LEU-241,-0.05,0.68,-0.7,0.0,-0.08,Raw,VD-MM/GBSA
L-B-MET-242,-0.21,0.97,-1.16,-0.03,-0.43,Raw,VD-MM/GBSA
L-B-VAL-243,-0.26,1.33,-1.48,-0.02,-0.44,Raw,VD-MM/GBSA
L-B-VAL-244,-0.05,1.0,-1.06,0.0,-0.11,Raw,VD-MM/GBSA
L-B-VAL-245,-0.04,1.27,-1.34,0.0,-0.11,Raw,VD-MM/GBSA
L-B-ILE-246,-0.22,1.7,-1.84,0.0,-0.37,Raw,VD-MM/GBSA
L-B-VAL-247,-0.1,1.53,-1.66,0.0,-0.23,Raw,VD-MM/GBSA
L-B-LEU-248,-0.03,1.35,-1.4,0.0,-0.08,Raw,VD-MM/GBSA
L-B-TYR-249,-0.12,1.62,-1.79,0.0,-0.28,Raw,VD-MM/GBSA
L-B-PHE-250,-0.7,2.1,-2.52,-0.22,-1.34,Raw,VD-MM/GBSA
L-B-SER-251,-0.04,1.19,-1.31,0.0,-0.16,Raw,VD-MM/GBSA
L-B-LEU-252,-0.03,1.13,-1.19,0.0,-0.09,Raw,VD-MM/GBSA
L-B-TRP-253,-0.63,0.68,-1.02,-0.14,-1.11,Raw,VD-MM/GBSA
L-B-LYS-254,-0.72,-37.66,33.89,-0.28,-4.78,Raw,VD-MM/GBSA
L-B-GLY-255,-0.02,1.33,-1.36,0.0,-0.05,Raw,VD-MM/GBSA
L-B-VAL-256,-0.03,-0.24,0.16,0.0,-0.1,Raw,VD-MM/GBSA
L-B-LYS-257,-0.13,-37.22,36.92,-0.02,-0.44,Raw,VD-MM/GBSA
L-B-THR-258,-0.14,0.65,-0.87,0.0,-0.36,Raw,VD-MM/GBSA
L-B-SER-259,-0.03,-1.19,1.15,0.0,-0.07,Raw,VD-MM/GBSA
L-B-GLY-260,-0.02,-2.04,2.0,0.0,-0.07,Raw,VD-MM/GBSA
L-B-LYS-261,-1.3,-59.8,55.99,-0.58,-5.69,Raw,VD-MM/GBSA
L-B-VAL-262,-0.09,-0.86,0.8,0.0,-0.15,Raw,VD-MM/GBSA
L-B-TRP-263,-0.04,-1.85,1.84,0.0,-0.04,Raw,VD-MM/GBSA
L-B-ILE-264,-0.07,-1.64,1.65,0.0,-0.07,Raw,VD-MM/GBSA
L-B-ASP-265,-0.25,13.0,-14.49,-0.1,-1.84,Raw,VD-MM/GBSA
L-B-ALA-266,-0.02,-0.91,0.89,0.0,-0.04,Raw,VD-MM/GBSA
L-B-ALA-267,-0.01,-0.87,0.85,0.0,-0.03,Raw,VD-MM/GBSA
L-B-THR-268,-0.03,-0.69,0.56,0.0,-0.17,Raw,VD-MM/GBSA
L-B-GLN-269,-0.05,-0.32,0.08,0.0,-0.3,Raw,VD-MM/GBSA
L-B-ILE-270,-0.01,0.44,-0.45,0.0,-0.03,Raw,VD-MM/GBSA
L-B-PHE-271,-0.01,0.1,-0.11,0.0,-0.01,Raw,VD-MM/GBSA
L-B-PHE-272,-0.01,-0.18,0.18,0.0,-0.01,Raw,VD-MM/GBSA
L-B-SER-273,-0.0,0.09,-0.09,0.0,-0.0,Raw,VD-MM/GBSA
L-B-LEU-274,-0.0,0.3,-0.31,0.0,-0.0,Raw,VD-MM/GBSA
L-B-GLY-275,-0.0,0.32,-0.32,0.0,-0.0,Raw,VD-MM/GBSA
L-B-ALA-276,-0.0,-0.26,0.26,0.0,0.0,Raw,VD-MM/GBSA
L-B-GLY-277,-0.0,-0.29,0.29,0.0,0.0,Raw,VD-MM/GBSA
L-B-PHE-278,-0.0,-0.07,0.07,0.0,-0.0,Raw,VD-MM/GBSA
L-B-GLY-279,-0.0,0.25,-0.25,0.0,-0.0,Raw,VD-MM/GBSA
L-B-VAL-280,-0.0,0.6,-0.6,0.0,-0.01,Raw,VD-MM/GBSA
L-B-LEU-281,-0.0,0.63,-0.64,0.0,-0.01,Raw,VD-MM/GBSA
L-B-ILE-282,-0.0,0.5,-0.5,0.0,-0.0,Raw,VD-MM/GBSA
L-B-ALA-283,-0.0,0.51,-0.52,0.0,-0.01,Raw,VD-MM/GBSA
L-B-PHE-284,-0.01,0.84,-0.85,0.0,-0.02,Raw,VD-MM/GBSA
L-B-ALA-285,-0.0,0.46,-0.46,0.0,-0.01,Raw,VD-MM/GBSA
L-B-SER-286,-0.0,0.36,-0.36,0.0,-0.01,Raw,VD-MM/GBSA
L-B-TYR-287,-0.01,0.47,-0.48,0.0,-0.02,Raw,VD-MM/GBSA
L-B-ASN-288,-0.0,0.93,-0.94,0.0,-0.02,Raw,VD-MM/GBSA
L-B-LYS-289,-0.01,-18.41,18.46,0.0,0.05,Raw,VD-MM/GBSA
L-B-PHE-290,-0.0,-0.24,0.24,0.0,0.0,Raw,VD-MM/GBSA
L-B-ASP-291,-0.0,12.15,-12.18,0.0,-0.04,Raw,VD-MM/GBSA
L-B-ASN-292,-0.0,-0.23,0.23,0.0,-0.0,Raw,VD-MM/GBSA
L-B-ASN-293,-0.0,-0.18,0.18,0.0,-0.0,Raw,VD-MM/GBSA
L-B-CYS-294,-0.0,-0.17,0.17,0.0,-0.0,Raw,VD-MM/GBSA
L-B-TYR-295,-0.0,-0.08,0.08,0.0,-0.0,Raw,VD-MM/GBSA
L-B-ARG-296,-0.0,-8.69,8.71,0.0,0.02,Raw,VD-MM/GBSA
L-B-ASP-297,-0.0,10.51,-10.55,0.0,-0.04,Raw,VD-MM/GBSA
L-B-ALA-298,0.0,-0.06,0.06,0.0,-0.0,Raw,VD-MM/GBSA
L-B-LEU-299,-0.0,-0.19,0.19,0.0,-0.0,Raw,VD-MM/GBSA
L-B-LEU-300,-0.0,-0.49,0.49,0.0,-0.0,Raw,VD-MM/GBSA
L-B-THR-301,-0.0,-0.48,0.48,0.0,-0.0,Raw,VD-MM/GBSA
L-B-SER-302,-0.0,-0.27,0.27,0.0,-0.0,Raw,VD-MM/GBSA
L-B-SER-303,-0.0,-0.42,0.42,0.0,-0.0,Raw,VD-MM/GBSA
L-B-ILE-304,-0.0,-0.48,0.48,0.0,-0.0,Raw,VD-MM/GBSA
L-B-ASN-305,-0.0,-0.38,0.38,0.0,-0.0,Raw,VD-MM/GBSA
L-B-CYS-306,-0.0,-0.29,0.29,0.0,-0.0,Raw,VD-MM/GBSA
L-B-ILE-307,-0.0,-0.4,0.4,0.0,-0.0,Raw,VD-MM/GBSA
L-B-THR-308,-0.0,-0.34,0.34,0.0,-0.0,Raw,VD-MM/GBSA
L-B-SER-309,-0.0,-0.25,0.25,0.0,0.0,Raw,VD-MM/GBSA
L-B-PHE-310,-0.0,-0.33,0.33,0.0,-0.0,Raw,VD-MM/GBSA
L-B-VAL-311,-0.0,-0.35,0.35,0.0,-0.0,Raw,VD-MM/GBSA
L-B-SER-312,-0.0,-0.26,0.26,0.0,-0.0,Raw,VD-MM/GBSA
L-B-GLY-313,-0.0,-0.32,0.32,0.0,0.0,Raw,VD-MM/GBSA
L-B-PHE-314,-0.0,-0.32,0.33,0.0,-0.0,Raw,VD-MM/GBSA
L-B-ALA-315,-0.0,-0.35,0.35,0.0,-0.0,Raw,VD-MM/GBSA
L-B-ILE-316,-0.0,-0.34,0.34,0.0,-0.0,Raw,VD-MM/GBSA
L-B-PHE-317,-0.0,-0.27,0.27,0.0,-0.0,Raw,VD-MM/GBSA
L-B-SER-318,-0.0,-0.25,0.25,0.0,-0.0,Raw,VD-MM/GBSA
L-B-ILE-319,-0.0,-0.21,0.21,0.0,-0.0,Raw,VD-MM/GBSA
L-B-LEU-320,-0.0,-0.3,0.31,0.0,-0.0,Raw,VD-MM/GBSA
L-B-GLY-321,-0.0,-0.18,0.18,0.0,-0.0,Raw,VD-MM/GBSA
L-B-TYR-322,-0.0,0.06,-0.07,0.0,-0.01,Raw,VD-MM/GBSA
L-B-MET-323,-0.0,-0.09,0.09,0.0,-0.0,Raw,VD-MM/GBSA
L-B-ALA-324,-0.0,-0.24,0.24,0.0,-0.0,Raw,VD-MM/GBSA
L-B-HIE-325,-0.0,-0.24,0.25,0.0,0.0,Raw,VD-MM/GBSA
L-B-GLU-326,-0.0,-9.32,9.32,0.0,0.0,Raw,VD-MM/GBSA
L-B-HIE-327,-0.0,-0.11,0.11,0.0,-0.0,Raw,VD-MM/GBSA
L-B-LYS-328,-0.0,8.1,-8.1,0.0,-0.01,Raw,VD-MM/GBSA
L-B-VAL-329,0.0,-0.06,0.06,0.0,0.0,Raw,VD-MM/GBSA
L-B-ASN-330,0.0,-0.1,0.1,0.0,-0.0,Raw,VD-MM/GBSA
L-B-ILE-331,-0.0,-0.18,0.18,0.0,-0.0,Raw,VD-MM/GBSA
L-B-GLU-332,0.0,-4.2,4.2,0.0,0.0,Raw,VD-MM/GBSA
L-B-ASP-333,-0.0,-6.05,6.05,0.0,0.0,Raw,VD-MM/GBSA
L-B-VAL-334,-0.0,-0.22,0.22,0.0,-0.0,Raw,VD-MM/GBSA
L-B-ALA-335,-0.0,-0.2,0.2,0.0,-0.0,Raw,VD-MM/GBSA
L-B-THR-336,-0.0,0.11,-0.11,0.0,-0.0,Raw,VD-MM/GBSA
L-B-GLU-337,-0.0,-3.1,3.1,0.0,-0.0,Raw,VD-MM/GBSA
L-B-ASP-338,-0.0,-6.43,6.43,0.0,-0.0,Raw,VD-MM/GBSA
L-B-GLY-339,-0.0,-0.1,0.1,0.0,-0.01,Raw,VD-MM/GBSA
L-B-ARG-340,-0.01,8.26,-8.29,0.0,-0.04,Raw,VD-MM/GBSA
L-B-HIE-341,-0.01,-0.05,0.04,0.0,-0.01,Raw,VD-MM/GBSA
L-B-GLY-342,-0.0,0.06,-0.08,0.0,-0.02,Raw,VD-MM/GBSA
L-B-GLY-343,-0.01,-0.09,0.07,0.0,-0.03,Raw,VD-MM/GBSA
L-B-CYS-344,-0.01,-0.54,0.51,0.0,-0.04,Raw,VD-MM/GBSA
L-B-HIE-345,-0.01,-0.49,0.47,0.0,-0.04,Raw,VD-MM/GBSA
L-B-HIE-346,-0.01,-0.39,0.33,0.0,-0.07,Raw,VD-MM/GBSA
L-B-GLY-347,-0.01,0.71,-0.75,0.0,-0.05,Raw,VD-MM/GBSA
L-B-PRO-348,-0.02,0.37,-0.39,0.0,-0.04,Raw,VD-MM/GBSA
L-B-GLY-349,-0.0,-0.4,0.37,0.0,-0.03,Raw,VD-MM/GBSA
L-B-ARG-350,-0.01,5.33,-5.42,0.0,-0.1,Raw,VD-MM/GBSA
